Customer ID,StockCode,Quantity,Price,Country,Customer_Age,Gender,Customer_Segment,Marketing_Channel,Category,Subcategory,Discount_Applied,Payment_Method,Delivery_Time_Days,Churn_Flag
1,22457,6,2.95,United Kingdom,63,Male,Regular,Referral,Home Decor,Frames,no,Cash,8,active
2,84946,12,1.25,United Kingdom,33,Male,Regular,Ads,Electronics,Gadgets,no,PayPal,8,churned
3,84760S,12,1.45,United Kingdom,59,Male,New,Referral,Clothing,Kids,no,PayPal,4,active
4,22423,2,12.75,United Kingdom,72,Female,New,Email,Kitchen,Appliances,yes,Credit Card,9,active
5,22784,3,4.95,United Kingdom,35,Female,Regular,Ads,Kitchen,Storage,no,Cash,4,churned
6,22792,12,0.85,United Kingdom,69,Female,VIP,Organic,Electronics,Cables,no,Credit Card,2,churned
7,22798,8,2.95,United Kingdom,41,Male,VIP,Organic,Kitchen,Storage,no,Credit Card,1,churned
8,22800,4,3.75,United Kingdom,53,Male,New,Email,Stationery,Pens,no,Credit Card,2,churned
9,22801,4,3.75,United Kingdom,40,Male,New,Referral,Home Decor,Lights,no,PayPal,4,churned
10,22943,3,4.95,United Kingdom,22,Male,Regular,Ads,Kitchen,Appliances,no,PayPal,4,churned
11,84754,12,1.25,United Kingdom,65,Female,VIP,Email,Stationery,Books,no,Bank Transfer,3,active
12,22086,6,2.95,United Kingdom,75,Female,New,Referral,Clothing,Men,no,Credit Card,6,active
13,40003,12,1.25,United Kingdom,41,Female,Regular,Organic,Home Decor,Frames,no,PayPal,9,churned
14,22806,6,2.95,United Kingdom,18,Female,New,Ads,Stationery,Art,no,PayPal,9,churned
15,22813,12,1.95,United Kingdom,47,Female,VIP,Referral,Home Decor,Frames,no,Credit Card,1,churned
16,22812,12,1.95,United Kingdom,28,Female,New,Email,Toys,Puzzles,no,Bank Transfer,3,active
17,22585,12,1.25,United Kingdom,48,Female,New,Organic,Stationery,Pens,no,PayPal,7,churned
18,21421,12,1.25,United Kingdom,47,Female,VIP,Ads,Kitchen,Utensils,no,Credit Card,8,active
19,21422,16,0.85,United Kingdom,34,Male,Regular,Email,Kitchen,Storage,no,Bank Transfer,5,churned
20,85175,32,0.42,United Kingdom,41,Female,VIP,Organic,Home Decor,Decor,no,Credit Card,2,active
21,22582,6,2.55,United Kingdom,37,Female,VIP,Organic,Electronics,Accessories,yes,Credit Card,7,churned
22,22892,12,1.25,United Kingdom,36,Female,New,Referral,Stationery,Art,no,Cash,1,active
23,22893,24,0.42,United Kingdom,55,Male,VIP,Organic,Stationery,Art,no,PayPal,9,churned
24,85174,8,4.95,United Kingdom,48,Female,New,Email,Electronics,Accessories,no,Bank Transfer,9,churned
25,46000M,12,1.55,United Kingdom,52,Female,New,Ads,Clothing,Women,no,PayPal,7,churned
26,21114,20,1.25,United Kingdom,59,Male,New,Referral,Stationery,Pens,no,Credit Card,7,active
27,84212,24,0.65,United Kingdom,33,Male,VIP,Email,Kitchen,Utensils,no,PayPal,8,churned
28,84796A,1,12.75,United Kingdom,33,Male,New,Organic,Stationery,Art,no,PayPal,3,churned
29,22783,1,19.95,United Kingdom,59,Female,New,Ads,Stationery,Pens,no,Credit Card,8,churned
30,21288,6,2.95,United Kingdom,58,Female,Regular,Referral,Clothing,Men,no,Credit Card,9,churned
31,21348,6,2.95,United Kingdom,70,Female,VIP,Ads,Clothing,Men,no,Cash,1,churned
32,22451,6,3.35,United Kingdom,65,Female,Regular,Referral,Clothing,Men,no,Credit Card,7,churned
33,22450,6,3.35,United Kingdom,69,Female,Regular,Email,Home Decor,Frames,no,Cash,2,active
34,22449,6,3.35,United Kingdom,18,Male,New,Ads,Kitchen,Storage,no,Credit Card,1,churned
35,22569,4,3.75,United Kingdom,18,Female,VIP,Organic,Clothing,Kids,no,PayPal,3,churned
36,21328,12,1.65,United Kingdom,36,Female,New,Ads,Home Decor,Lights,no,PayPal,5,active
37,21544,12,0.85,United Kingdom,70,Female,New,Organic,Clothing,Kids,yes,PayPal,1,active
38,22436,20,0.65,United Kingdom,77,Male,New,Email,Toys,Outdoor,no,Bank Transfer,9,churned
39,22437,20,0.85,United Kingdom,55,Female,New,Organic,Electronics,Cables,no,Credit Card,5,churned
40,22439,24,0.65,United Kingdom,45,Male,Regular,Ads,Clothing,Women,no,PayPal,6,active
41,21703,24,0.42,United Kingdom,71,Male,VIP,Ads,Toys,Kids,no,PayPal,2,active
42,21156,8,1.95,United Kingdom,31,Male,Regular,Email,Electronics,Accessories,no,Bank Transfer,8,churned
43,21060,12,0.85,United Kingdom,25,Female,New,Organic,Home Decor,Decor,no,Credit Card,1,churned
44,21059,12,0.85,United Kingdom,37,Female,Regular,Email,Electronics,Gadgets,no,Cash,5,active
45,84992,24,0.55,United Kingdom,37,Male,VIP,Referral,Electronics,Cables,no,Cash,8,active
46,21975,24,0.55,United Kingdom,59,Female,VIP,Referral,Stationery,Pens,no,Credit Card,8,churned
47,20975,24,0.65,United Kingdom,46,Female,VIP,Email,Electronics,Gadgets,no,Bank Transfer,6,active
48,21498,25,0.42,United Kingdom,18,Male,Regular,Email,Stationery,Pens,yes,PayPal,1,churned
49,21495,25,0.42,United Kingdom,61,Female,VIP,Organic,Kitchen,Utensils,no,Bank Transfer,5,active
50,21504,24,0.42,United Kingdom,43,Female,VIP,Referral,Kitchen,Utensils,no,PayPal,8,active
51,22045,25,0.42,United Kingdom,35,Male,Regular,Referral,Electronics,Gadgets,no,Cash,6,churned
52,22029,24,0.42,United Kingdom,74,Male,Regular,Organic,Toys,Puzzles,no,Bank Transfer,9,churned
53,16156S,25,0.42,United Kingdom,56,Male,Regular,Referral,Toys,Outdoor,no,Credit Card,4,churned
54,22706,25,0.42,United Kingdom,42,Female,New,Referral,Kitchen,Utensils,no,Credit Card,9,churned
55,22707,25,0.42,United Kingdom,60,Male,VIP,Ads,Kitchen,Storage,no,PayPal,9,active
56,22742,6,2.95,United Kingdom,29,Male,Regular,Organic,Toys,Kids,no,Cash,4,churned
57,20974,24,0.65,United Kingdom,61,Male,VIP,Ads,Stationery,Books,no,PayPal,5,active
58,20967,4,3.75,United Kingdom,65,Male,New,Email,Stationery,Art,no,Cash,4,churned
59,20970,4,3.75,United Kingdom,18,Male,VIP,Referral,Toys,Puzzles,no,PayPal,7,active
60,20969,4,3.75,United Kingdom,36,Female,New,Referral,Kitchen,Appliances,no,Bank Transfer,5,active
61,22568,4,3.75,United Kingdom,31,Female,Regular,Ads,Stationery,Books,no,PayPal,7,active
62,84270,30,0.21,United Kingdom,70,Male,New,Email,Toys,Outdoor,no,PayPal,1,churned
63,22618,4,9.95,United Kingdom,31,Male,New,Organic,Kitchen,Storage,no,Bank Transfer,4,active
64,22497,24,4.25,United Kingdom,32,Female,New,Ads,Electronics,Cables,no,Cash,3,churned
65,21137,96,3.39,United Kingdom,37,Male,VIP,Email,Toys,Kids,no,Credit Card,2,churned
66,84032A,36,1.25,United Kingdom,71,Male,Regular,Referral,Home Decor,Frames,no,Credit Card,3,active
67,84031A,24,1.95,United Kingdom,79,Female,New,Organic,Stationery,Pens,no,Credit Card,1,active
68,22560,24,1.25,United Kingdom,21,Female,New,Organic,Clothing,Men,no,Cash,4,churned
69,22077,12,1.65,United Kingdom,53,Female,VIP,Referral,Home Decor,Decor,no,Credit Card,4,churned
70,85123A,6,2.95,United Kingdom,49,Male,VIP,Organic,Toys,Puzzles,no,PayPal,7,churned
71,84978,12,1.25,United Kingdom,59,Female,VIP,Referral,Stationery,Pens,no,Bank Transfer,7,churned
72,22409,12,1.25,United Kingdom,74,Male,VIP,Referral,Kitchen,Appliances,no,PayPal,6,churned
73,22360,6,2.95,United Kingdom,63,Male,VIP,Ads,Clothing,Kids,no,PayPal,1,churned
74,21623,2,9.95,United Kingdom,61,Female,New,Referral,Electronics,Gadgets,no,Bank Transfer,1,active
75,22059,12,1.49,United Kingdom,78,Female,VIP,Organic,Kitchen,Utensils,no,Cash,3,active
76,22057,12,1.49,United Kingdom,63,Male,VIP,Organic,Electronics,Cables,no,Cash,8,churned
77,22646,12,1.45,United Kingdom,78,Female,VIP,Referral,Toys,Outdoor,no,PayPal,2,active
78,21114,10,1.25,United Kingdom,78,Female,VIP,Referral,Toys,Puzzles,no,PayPal,4,churned
79,22112,3,4.95,United Kingdom,65,Female,New,Organic,Electronics,Cables,no,Bank Transfer,7,churned
80,22489,24,0.42,United Kingdom,34,Female,VIP,Email,Toys,Puzzles,no,PayPal,5,churned
81,22149,6,2.1,United Kingdom,43,Female,VIP,Ads,Toys,Kids,no,Credit Card,7,churned
82,21725,12,0.85,United Kingdom,22,Female,Regular,Organic,Kitchen,Utensils,no,Cash,7,churned
83,21677,12,0.85,United Kingdom,27,Female,VIP,Ads,Electronics,Gadgets,no,Cash,5,active
84,22748,6,2.1,United Kingdom,23,Male,VIP,Ads,Electronics,Gadgets,no,Bank Transfer,4,active
85,22745,6,2.1,United Kingdom,44,Male,New,Referral,Electronics,Cables,no,PayPal,1,active
86,21705,12,1.65,United Kingdom,75,Male,VIP,Referral,Toys,Outdoor,no,Cash,2,churned
87,21918,24,0.42,United Kingdom,31,Male,New,Referral,Stationery,Books,no,PayPal,1,active
88,22084,6,2.95,United Kingdom,20,Male,VIP,Organic,Toys,Outdoor,no,Bank Transfer,9,churned
89,21888,4,3.75,United Kingdom,77,Female,New,Referral,Stationery,Art,no,Credit Card,7,active
90,21192,12,1.65,United Kingdom,77,Male,New,Ads,Kitchen,Storage,no,Credit Card,6,active
91,22561,12,1.65,United Kingdom,43,Female,VIP,Ads,Clothing,Women,no,PayPal,9,active
92,21429,8,1.65,United Kingdom,28,Male,VIP,Email,Stationery,Art,no,PayPal,5,active
93,22419,12,0.42,United Kingdom,57,Male,VIP,Email,Home Decor,Decor,yes,Bank Transfer,7,churned
94,20978,16,1.25,United Kingdom,67,Male,New,Email,Kitchen,Storage,no,Credit Card,7,churned
95,20979,16,1.25,United Kingdom,26,Female,VIP,Referral,Stationery,Pens,no,Credit Card,7,churned
96,21316,8,2.95,United Kingdom,59,Male,New,Referral,Kitchen,Utensils,no,Cash,6,churned
97,21811,12,1.25,United Kingdom,56,Female,New,Ads,Stationery,Pens,yes,PayPal,7,active
98,84879,8,1.69,United Kingdom,43,Male,VIP,Ads,Electronics,Gadgets,no,Cash,5,churned
99,84755,16,0.65,United Kingdom,46,Male,VIP,Organic,Toys,Kids,no,Credit Card,7,active
100,21651,12,1.65,United Kingdom,37,Female,VIP,Ads,Electronics,Cables,yes,Credit Card,9,churned
101,20846,12,1.25,United Kingdom,27,Male,VIP,Organic,Home Decor,Decor,yes,Bank Transfer,2,churned
102,22792,12,0.85,United Kingdom,66,Female,VIP,Referral,Home Decor,Lights,no,Bank Transfer,3,active
103,22801,4,3.75,United Kingdom,73,Male,VIP,Organic,Kitchen,Utensils,yes,Bank Transfer,4,active
104,22178,12,1.25,United Kingdom,27,Male,New,Referral,Home Decor,Frames,no,Bank Transfer,2,churned
105,22791,12,1.25,United Kingdom,34,Female,New,Organic,Kitchen,Storage,no,Credit Card,2,active
106,84347,6,2.55,United Kingdom,32,Female,VIP,Referral,Kitchen,Utensils,no,Credit Card,5,active
107,22599,12,0.85,United Kingdom,40,Male,Regular,Email,Kitchen,Utensils,no,PayPal,2,active
108,22597,12,0.85,United Kingdom,64,Male,VIP,Referral,Clothing,Kids,yes,PayPal,8,active
109,22598,12,0.85,United Kingdom,48,Male,Regular,Organic,Clothing,Men,no,Bank Transfer,5,churned
110,21314,8,2.1,United Kingdom,54,Female,New,Email,Kitchen,Storage,yes,Bank Transfer,7,churned
111,85062,12,1.65,United Kingdom,27,Female,New,Email,Home Decor,Frames,no,Credit Card,9,active
112,22575,8,1.95,United Kingdom,56,Female,VIP,Organic,Toys,Puzzles,yes,PayPal,3,churned
113,22737,10,1.65,United Kingdom,77,Female,Regular,Email,Kitchen,Utensils,no,Cash,4,churned
114,22633,12,2.1,United Kingdom,43,Female,New,Email,Clothing,Men,yes,Bank Transfer,7,active
115,22110,6,2.55,United Kingdom,30,Male,Regular,Referral,Electronics,Cables,no,PayPal,3,churned
116,21488,4,3.95,United Kingdom,43,Male,VIP,Organic,Stationery,Books,no,Credit Card,3,churned
117,22299,24,1.25,United Kingdom,37,Male,New,Email,Kitchen,Storage,no,Credit Card,8,active
118,22445,6,2.95,United Kingdom,71,Male,New,Ads,Stationery,Art,yes,PayPal,6,churned
119,22798,8,2.95,United Kingdom,34,Male,New,Email,Toys,Puzzles,no,Cash,8,churned
120,22637,6,2.55,United Kingdom,35,Male,VIP,Ads,Toys,Outdoor,no,PayPal,4,active
121,22855,12,1.25,United Kingdom,57,Male,New,Ads,Stationery,Art,no,PayPal,4,churned
122,22188,4,3.95,United Kingdom,35,Female,VIP,Email,Stationery,Art,yes,Cash,3,churned
123,21931,50,1.65,United Kingdom,61,Male,VIP,Ads,Stationery,Art,no,Cash,4,churned
124,21929,20,1.65,United Kingdom,76,Female,New,Referral,Home Decor,Decor,no,Bank Transfer,8,churned
125,21928,20,1.65,United Kingdom,48,Female,VIP,Ads,Home Decor,Decor,no,Bank Transfer,9,churned
126,21033,20,1.65,United Kingdom,58,Male,Regular,Referral,Clothing,Men,yes,Bank Transfer,5,active
127,20712,20,1.65,United Kingdom,56,Male,New,Email,Clothing,Kids,no,Bank Transfer,3,active
128,22890,12,8.5,United Kingdom,54,Female,Regular,Email,Electronics,Accessories,no,Bank Transfer,9,active
129,22780,12,3.75,United Kingdom,65,Female,VIP,Ads,Stationery,Art,no,Cash,9,active
130,21351,16,1.95,United Kingdom,18,Male,Regular,Ads,Toys,Puzzles,yes,PayPal,5,active
131,22093,36,0.42,United Kingdom,56,Male,Regular,Organic,Kitchen,Utensils,no,PayPal,2,active
132,22098,72,0.42,United Kingdom,76,Male,New,Organic,Kitchen,Utensils,no,Bank Transfer,7,churned
133,22095,72,0.42,United Kingdom,23,Male,Regular,Ads,Toys,Puzzles,yes,PayPal,7,churned
134,22167,12,3.95,United Kingdom,22,Male,VIP,Email,Stationery,Books,no,Cash,7,active
135,22166,12,3.95,United Kingdom,18,Female,Regular,Referral,Toys,Kids,no,Bank Transfer,3,active
136,22165,12,3.95,United Kingdom,25,Male,VIP,Email,Clothing,Women,no,Bank Transfer,6,churned
137,72800C,36,0.85,United Kingdom,56,Male,New,Email,Clothing,Men,no,Credit Card,2,churned
138,72800B,36,0.85,United Kingdom,52,Female,New,Ads,Toys,Outdoor,no,Credit Card,3,churned
139,85039A,48,0.42,United Kingdom,77,Male,New,Email,Kitchen,Storage,no,Cash,2,active
140,85132B,24,1.95,United Kingdom,66,Male,Regular,Ads,Toys,Kids,no,Cash,6,churned
141,85132A,24,1.95,United Kingdom,25,Male,Regular,Referral,Home Decor,Decor,no,Bank Transfer,5,churned
142,22064,12,1.45,United Kingdom,24,Female,VIP,Ads,Toys,Outdoor,no,Bank Transfer,4,churned
143,21232,24,1.06,United Kingdom,59,Female,New,Referral,Stationery,Art,no,Cash,8,active
144,21231,24,1.06,United Kingdom,71,Male,Regular,Email,Home Decor,Decor,no,Bank Transfer,8,churned
145,72793,21,4.65,United Kingdom,39,Female,Regular,Email,Kitchen,Utensils,yes,PayPal,8,active
146,22198,24,1.45,United Kingdom,35,Female,VIP,Email,Electronics,Accessories,yes,Bank Transfer,3,churned
147,22197,36,0.72,United Kingdom,24,Male,New,Referral,Stationery,Art,yes,PayPal,1,churned
148,20724,20,0.72,United Kingdom,31,Male,New,Organic,Kitchen,Storage,no,Bank Transfer,9,active
149,20723,30,0.72,United Kingdom,50,Female,New,Email,Clothing,Women,no,Credit Card,2,churned
150,20719,30,0.72,United Kingdom,55,Female,VIP,Ads,Kitchen,Appliances,no,Credit Card,5,churned
151,22661,30,0.72,United Kingdom,43,Female,New,Ads,Home Decor,Frames,no,Cash,4,churned
152,22356,20,0.72,United Kingdom,45,Male,VIP,Referral,Stationery,Books,yes,Bank Transfer,9,churned
153,22355,50,0.72,United Kingdom,28,Male,New,Referral,Kitchen,Appliances,no,Bank Transfer,5,active
154,85099F,20,1.65,United Kingdom,72,Male,VIP,Organic,Clothing,Women,no,Bank Transfer,2,active
155,85099C,20,1.65,United Kingdom,64,Female,New,Organic,Toys,Outdoor,no,Bank Transfer,9,churned
156,85099B,40,1.65,United Kingdom,66,Female,VIP,Organic,Stationery,Pens,no,Credit Card,4,churned
157,22411,20,1.65,United Kingdom,69,Female,New,Email,Stationery,Books,no,Bank Transfer,5,active
158,22386,40,1.65,United Kingdom,27,Male,Regular,Referral,Clothing,Women,no,PayPal,2,churned
159,22385,20,1.65,United Kingdom,65,Female,New,Email,Stationery,Pens,no,PayPal,1,active
160,22890,24,8.5,United Kingdom,64,Female,Regular,Email,Electronics,Gadgets,no,PayPal,4,churned
161,22823,2,110,United Kingdom,32,Male,New,Ads,Electronics,Cables,yes,PayPal,3,active
162,21484,36,2.95,United Kingdom,21,Female,VIP,Referral,Toys,Puzzles,no,PayPal,5,churned
163,84029G,24,3.39,United Kingdom,38,Male,New,Referral,Home Decor,Frames,no,Cash,5,churned
164,84352,4,14.95,United Kingdom,43,Male,VIP,Ads,Kitchen,Storage,no,PayPal,8,active
165,84754,72,1.06,United Kingdom,40,Male,Regular,Ads,Clothing,Women,no,PayPal,9,churned
166,84029E,24,3.39,United Kingdom,47,Female,VIP,Referral,Stationery,Art,no,Cash,3,churned
167,21485,24,4.25,United Kingdom,59,Female,VIP,Ads,Electronics,Accessories,no,Cash,4,churned
168,21143,96,1.65,United Kingdom,77,Male,Regular,Ads,Home Decor,Decor,no,Credit Card,1,churned
169,21146,96,1.65,United Kingdom,72,Male,New,Organic,Electronics,Gadgets,no,Bank Transfer,2,churned
170,22632,48,2.1,United Kingdom,61,Male,VIP,Ads,Home Decor,Frames,no,PayPal,4,active
171,22633,48,2.1,United Kingdom,72,Female,New,Ads,Toys,Outdoor,no,Credit Card,3,active
172,22737,120,1.45,United Kingdom,23,Male,Regular,Email,Home Decor,Lights,no,Cash,9,churned
173,84992,240,0.42,United Kingdom,59,Female,VIP,Ads,Home Decor,Decor,no,Bank Transfer,9,active
174,84991,240,0.42,United Kingdom,78,Male,New,Referral,Stationery,Art,no,Credit Card,1,churned
175,21977,240,0.42,United Kingdom,35,Female,Regular,Ads,Stationery,Books,no,PayPal,9,churned
176,21213,480,0.42,United Kingdom,63,Male,VIP,Referral,Stationery,Pens,no,Credit Card,2,churned
177,20724,10,0.85,United Kingdom,65,Female,Regular,Referral,Electronics,Cables,no,Credit Card,3,active
178,21527,2,7.95,United Kingdom,41,Male,VIP,Ads,Toys,Puzzles,no,Bank Transfer,5,churned
179,21531,6,2.55,United Kingdom,54,Male,VIP,Organic,Clothing,Kids,no,Credit Card,1,churned
180,22072,4,3.75,United Kingdom,42,Female,New,Referral,Kitchen,Utensils,no,Bank Transfer,8,active
181,22356,10,0.85,United Kingdom,62,Male,Regular,Email,Toys,Kids,no,PayPal,8,active
182,22457,6,2.95,United Kingdom,64,Male,Regular,Ads,Home Decor,Frames,yes,Credit Card,1,churned
183,22423,1,12.75,United Kingdom,21,Male,Regular,Referral,Clothing,Kids,no,PayPal,6,active
184,22838,1,14.95,United Kingdom,38,Female,New,Ads,Kitchen,Appliances,no,Cash,2,active
185,21217,1,9.95,United Kingdom,32,Male,Regular,Organic,Home Decor,Frames,no,Bank Transfer,5,churned
186,22839,1,14.95,United Kingdom,42,Female,VIP,Ads,Kitchen,Appliances,no,Bank Transfer,1,churned
187,22669,5,2.95,United Kingdom,20,Male,New,Ads,Home Decor,Lights,no,Cash,3,churned
188,21098,12,1.25,United Kingdom,63,Male,New,Ads,Kitchen,Storage,no,Cash,4,churned
189,22812,12,1.95,United Kingdom,53,Male,New,Referral,Electronics,Accessories,no,Bank Transfer,2,churned
190,21587,12,2.55,United Kingdom,50,Female,New,Ads,Clothing,Women,no,Bank Transfer,3,active
191,22145,6,2.1,United Kingdom,20,Male,New,Referral,Electronics,Cables,no,Bank Transfer,9,active
192,22862,4,4.25,United Kingdom,53,Male,Regular,Referral,Toys,Puzzles,no,PayPal,8,churned
193,22789,8,1.95,United Kingdom,65,Female,VIP,Referral,Electronics,Accessories,no,Bank Transfer,5,churned
194,22854,4,4.95,United Kingdom,26,Male,Regular,Ads,Clothing,Men,no,Credit Card,2,churned
195,22652,10,1.65,United Kingdom,47,Female,New,Ads,Home Decor,Frames,no,Cash,3,churned
196,84991,24,0.55,United Kingdom,65,Female,VIP,Ads,Clothing,Kids,no,Credit Card,9,churned
197,22417,12,0.55,United Kingdom,18,Male,VIP,Email,Kitchen,Appliances,no,Cash,9,active
198,22665,6,2.95,United Kingdom,74,Female,New,Email,Stationery,Art,no,Bank Transfer,5,active
199,22666,6,2.95,United Kingdom,39,Male,Regular,Ads,Kitchen,Appliances,no,Cash,8,churned
200,22907,12,0.85,United Kingdom,58,Female,VIP,Organic,Kitchen,Storage,no,Bank Transfer,8,active
201,84378,12,1.25,United Kingdom,19,Female,Regular,Organic,Stationery,Books,no,Credit Card,8,active
202,22424,1,12.75,United Kingdom,74,Male,VIP,Ads,Toys,Kids,yes,Bank Transfer,5,churned
203,20914,6,2.95,United Kingdom,29,Male,VIP,Ads,Home Decor,Lights,no,Cash,4,churned
204,21916,24,0.42,United Kingdom,54,Male,Regular,Referral,Toys,Outdoor,no,Credit Card,7,churned
205,22845,2,6.35,United Kingdom,21,Female,VIP,Referral,Home Decor,Frames,no,Bank Transfer,8,churned
206,22844,2,8.5,United Kingdom,63,Male,Regular,Ads,Kitchen,Storage,no,Credit Card,5,active
207,47591D,8,1.95,United Kingdom,69,Female,New,Email,Toys,Kids,no,Credit Card,8,active
208,22367,8,1.95,United Kingdom,46,Female,Regular,Ads,Toys,Puzzles,no,Cash,8,active
209,22624,2,8.5,United Kingdom,65,Male,New,Email,Stationery,Art,yes,PayPal,1,churned
210,22378,5,2.1,United Kingdom,26,Female,VIP,Ads,Home Decor,Decor,no,Bank Transfer,6,active
211,22139,3,4.95,United Kingdom,72,Male,Regular,Ads,Toys,Outdoor,yes,Bank Transfer,6,churned
212,22617,3,4.95,United Kingdom,35,Male,VIP,Referral,Electronics,Accessories,no,PayPal,7,churned
213,22613,12,0.85,United Kingdom,29,Female,New,Ads,Electronics,Cables,no,Credit Card,6,churned
214,22418,24,0.85,United Kingdom,72,Female,Regular,Email,Kitchen,Utensils,no,Cash,5,churned
215,22748,6,2.1,United Kingdom,68,Female,New,Referral,Electronics,Accessories,no,Credit Card,3,churned
216,22569,4,3.75,United Kingdom,43,Female,New,Email,Toys,Puzzles,no,Credit Card,6,churned
217,22505,4,4.95,United Kingdom,29,Female,VIP,Email,Kitchen,Storage,no,Credit Card,8,active
218,16237,30,0.21,United Kingdom,61,Female,New,Email,Clothing,Women,no,Cash,5,churned
219,22623,3,4.95,United Kingdom,78,Male,VIP,Ads,Clothing,Men,no,Cash,6,active
220,22622,2,9.95,United Kingdom,63,Male,VIP,Referral,Clothing,Kids,no,PayPal,8,churned
221,21790,12,0.85,United Kingdom,50,Male,Regular,Email,Toys,Puzzles,no,Bank Transfer,7,churned
222,22548,12,1.25,United Kingdom,69,Female,VIP,Referral,Toys,Outdoor,no,Credit Card,4,churned
223,D,1,14.35,United Kingdom,63,Female,VIP,Referral,Home Decor,Lights,no,Credit Card,4,active
224,37370,2,1.25,United Kingdom,69,Female,VIP,Email,Home Decor,Lights,no,PayPal,9,churned
225,21285,12,2.1,United Kingdom,36,Female,New,Referral,Electronics,Cables,no,Bank Transfer,7,churned
226,22423,1,12.75,United Kingdom,53,Male,New,Ads,Electronics,Accessories,no,Cash,6,churned
227,71477,1,3.25,United Kingdom,44,Male,Regular,Email,Toys,Outdoor,no,Credit Card,4,churned
228,22061,3,9.95,United Kingdom,33,Male,New,Ads,Home Decor,Lights,yes,Bank Transfer,7,churned
229,22743,6,2.95,United Kingdom,47,Female,VIP,Email,Electronics,Gadgets,no,Cash,4,churned
230,22744,6,2.95,United Kingdom,69,Female,VIP,Ads,Home Decor,Frames,no,Bank Transfer,6,churned
231,22727,4,3.75,United Kingdom,29,Male,VIP,Referral,Toys,Kids,yes,Credit Card,6,churned
232,21080,24,0.85,United Kingdom,33,Male,New,Referral,Toys,Outdoor,no,Credit Card,5,active
233,22509,1,16.95,United Kingdom,54,Male,Regular,Ads,Stationery,Pens,no,Credit Card,6,churned
234,21787,24,0.85,United Kingdom,48,Male,VIP,Email,Home Decor,Frames,no,PayPal,1,churned
235,22759,12,1.65,United Kingdom,43,Female,VIP,Ads,Clothing,Women,no,Bank Transfer,7,active
236,22584,6,2.55,United Kingdom,72,Male,VIP,Ads,Home Decor,Decor,no,Bank Transfer,3,active
237,22582,6,2.55,United Kingdom,21,Female,Regular,Email,Electronics,Cables,no,Bank Transfer,4,churned
238,22585,12,1.25,United Kingdom,49,Male,VIP,Referral,Stationery,Art,no,Credit Card,3,churned
239,22442,2,7.95,United Kingdom,75,Male,Regular,Referral,Kitchen,Utensils,yes,Credit Card,2,active
240,84347,6,2.55,United Kingdom,79,Female,VIP,Referral,Clothing,Men,no,Credit Card,5,churned
241,22077,12,1.65,United Kingdom,41,Female,New,Email,Stationery,Pens,no,PayPal,7,active
242,21808,6,3.75,United Kingdom,63,Female,VIP,Referral,Stationery,Art,no,Bank Transfer,7,active
243,21804,6,3.75,United Kingdom,57,Male,VIP,Organic,Kitchen,Utensils,no,Bank Transfer,2,churned
244,22130,12,0.85,United Kingdom,71,Male,Regular,Referral,Electronics,Accessories,no,Cash,7,active
245,21591,24,1.25,United Kingdom,69,Female,VIP,Ads,Home Decor,Frames,no,Bank Transfer,3,active
246,22583,6,2.55,United Kingdom,41,Female,VIP,Ads,Electronics,Accessories,no,Bank Transfer,8,churned
247,22952,24,0.55,United Kingdom,49,Male,Regular,Referral,Toys,Puzzles,no,Credit Card,9,churned
248,22300,6,2.55,United Kingdom,78,Male,VIP,Referral,Toys,Kids,no,PayPal,7,churned
249,22301,6,2.55,United Kingdom,64,Female,VIP,Referral,Electronics,Cables,no,Cash,6,active
250,22303,6,2.55,United Kingdom,35,Female,New,Email,Home Decor,Decor,no,Bank Transfer,3,churned
251,21112,6,2.95,United Kingdom,58,Female,Regular,Email,Toys,Outdoor,no,Cash,8,active
252,21107,6,2.95,United Kingdom,69,Female,VIP,Organic,Home Decor,Frames,no,PayPal,2,active
253,21111,6,2.95,United Kingdom,26,Female,New,Organic,Electronics,Cables,no,PayPal,4,churned
254,21212,24,0.55,United Kingdom,49,Female,New,Referral,Toys,Outdoor,no,Cash,7,churned
255,22575,8,1.95,United Kingdom,54,Male,VIP,Organic,Clothing,Kids,no,Cash,7,churned
256,22812,24,1.95,United Kingdom,29,Female,VIP,Ads,Kitchen,Storage,no,PayPal,3,active
257,20728,10,1.65,United Kingdom,77,Male,VIP,Ads,Electronics,Cables,no,PayPal,6,churned
258,22557,12,1.65,United Kingdom,27,Male,New,Referral,Kitchen,Storage,no,PayPal,6,churned
259,22555,12,1.65,United Kingdom,62,Female,New,Ads,Kitchen,Utensils,no,Cash,3,churned
260,22661,10,0.85,United Kingdom,67,Female,New,Ads,Clothing,Kids,no,Cash,3,active
261,21980,24,0.29,United Kingdom,77,Male,Regular,Referral,Toys,Kids,yes,Cash,1,churned
262,22630,12,1.95,United Kingdom,58,Male,New,Organic,Toys,Kids,no,Bank Transfer,4,churned
263,85227,12,0.85,United Kingdom,66,Male,New,Email,Electronics,Accessories,no,Credit Card,1,active
264,22566,12,0.85,United Kingdom,78,Female,VIP,Ads,Stationery,Art,no,Cash,2,active
265,21055,1,8.95,United Kingdom,44,Female,New,Email,Toys,Kids,no,Bank Transfer,3,active
266,22652,10,1.65,United Kingdom,35,Female,Regular,Email,Stationery,Art,no,Credit Card,1,active
267,20983,12,0.85,United Kingdom,41,Male,New,Referral,Home Decor,Frames,yes,PayPal,7,churned
268,21619,6,3.75,United Kingdom,55,Male,New,Referral,Home Decor,Lights,no,PayPal,6,churned
269,21618,6,3.75,United Kingdom,63,Male,New,Email,Electronics,Accessories,no,Credit Card,3,churned
270,21616,6,3.75,United Kingdom,19,Female,New,Referral,Stationery,Art,no,Cash,5,churned
271,22652,2,1.65,United Kingdom,78,Male,Regular,Email,Electronics,Accessories,yes,PayPal,3,active
272,22138,3,4.95,United Kingdom,73,Female,VIP,Organic,Clothing,Women,no,Cash,2,active
273,POST,1,3.5,United Kingdom,59,Female,Regular,Organic,Kitchen,Appliances,no,Credit Card,9,churned
274,21789,24,0.85,United Kingdom,68,Female,New,Ads,Kitchen,Utensils,no,Bank Transfer,6,active
275,21463,1,5.95,United Kingdom,79,Female,Regular,Organic,Electronics,Gadgets,no,Credit Card,1,churned
276,22156,12,0.85,United Kingdom,34,Male,New,Ads,Toys,Puzzles,no,Bank Transfer,2,active
277,21462,10,6.75,United Kingdom,65,Female,VIP,Organic,Kitchen,Appliances,no,Bank Transfer,5,churned
278,22773,12,1.25,United Kingdom,45,Female,VIP,Referral,Home Decor,Decor,no,PayPal,4,churned
279,22774,12,1.25,United Kingdom,47,Male,VIP,Email,Kitchen,Utensils,no,Cash,1,churned
280,22781,4,7.65,United Kingdom,40,Male,New,Referral,Electronics,Gadgets,no,Credit Card,2,churned
281,22795,10,6.75,United Kingdom,78,Male,Regular,Referral,Electronics,Accessories,no,PayPal,1,active
282,22805,12,1.25,United Kingdom,62,Male,VIP,Referral,Electronics,Cables,no,Bank Transfer,5,churned
283,22505,8,4.95,United Kingdom,48,Male,New,Organic,Electronics,Accessories,no,Cash,2,active
284,21623,4,9.95,United Kingdom,19,Male,VIP,Email,Clothing,Kids,no,PayPal,7,active
285,22507,8,4.95,United Kingdom,23,Female,New,Organic,Kitchen,Appliances,no,Credit Card,9,churned
286,21671,12,1.25,United Kingdom,66,Male,VIP,Ads,Stationery,Art,no,Credit Card,7,churned
287,21672,12,1.25,United Kingdom,24,Female,VIP,Referral,Clothing,Men,no,Bank Transfer,4,churned
288,22772,12,1.25,United Kingdom,50,Male,Regular,Organic,Home Decor,Decor,no,Bank Transfer,8,active
289,22180,6,9.95,United Kingdom,79,Male,VIP,Email,Home Decor,Lights,no,PayPal,9,churned
290,22788,6,9.95,United Kingdom,35,Female,New,Ads,Toys,Kids,no,Credit Card,9,churned
291,22794,6,7.95,United Kingdom,67,Female,Regular,Ads,Home Decor,Lights,no,Bank Transfer,2,active
292,22297,24,1.25,United Kingdom,33,Male,Regular,Referral,Stationery,Books,no,Bank Transfer,6,churned
293,21429,8,1.65,United Kingdom,55,Male,New,Organic,Stationery,Books,yes,PayPal,9,churned
294,22114,12,3.95,United Kingdom,50,Female,New,Organic,Kitchen,Utensils,no,Bank Transfer,7,churned
295,22835,12,4.65,United Kingdom,67,Female,New,Referral,Kitchen,Appliances,no,PayPal,2,active
296,22112,12,4.95,United Kingdom,73,Female,New,Ads,Kitchen,Utensils,no,Credit Card,3,churned
297,22862,8,4.25,United Kingdom,55,Female,Regular,Organic,Home Decor,Frames,no,Bank Transfer,7,churned
298,21181,12,2.1,United Kingdom,65,Female,VIP,Email,Clothing,Kids,no,PayPal,5,churned
299,85152,12,2.1,United Kingdom,29,Male,New,Email,Clothing,Kids,no,Bank Transfer,6,active
300,85066,1,12.75,United Kingdom,38,Female,Regular,Organic,Clothing,Men,no,Credit Card,6,churned
301,85099B,6,1.95,United Kingdom,53,Female,New,Email,Kitchen,Storage,no,PayPal,1,active
302,22413,1,2.95,United Kingdom,34,Female,New,Organic,Electronics,Gadgets,no,Credit Card,6,active
303,84539,1,1.65,United Kingdom,18,Male,Regular,Email,Home Decor,Lights,no,PayPal,8,churned
304,20973,1,0.65,United Kingdom,43,Female,New,Email,Toys,Outdoor,yes,PayPal,5,active
305,84920,1,3.75,United Kingdom,56,Female,VIP,Referral,Home Decor,Lights,no,PayPal,9,active
306,21704,2,0.85,United Kingdom,37,Female,VIP,Organic,Home Decor,Frames,yes,Cash,3,churned
307,22619,3,3.75,United Kingdom,62,Male,VIP,Organic,Toys,Outdoor,no,Cash,3,churned
308,21890,1,2.95,United Kingdom,30,Female,New,Ads,Clothing,Women,yes,Cash,5,churned
309,21891,1,1.25,United Kingdom,44,Female,Regular,Email,Electronics,Gadgets,no,PayPal,7,churned
310,21918,2,0.42,United Kingdom,71,Male,VIP,Organic,Clothing,Kids,no,Credit Card,9,churned
311,22435,2,1.25,United Kingdom,31,Male,Regular,Referral,Electronics,Gadgets,no,Bank Transfer,8,churned
312,22436,1,0.65,United Kingdom,20,Male,Regular,Organic,Stationery,Art,no,Credit Card,4,churned
313,20996,1,0.42,United Kingdom,30,Male,New,Ads,Clothing,Men,no,Cash,1,churned
314,84874B,1,1.65,United Kingdom,45,Female,VIP,Email,Clothing,Kids,no,Bank Transfer,4,churned
315,21829,36,0.21,United Kingdom,34,Female,New,Ads,Toys,Kids,yes,PayPal,4,churned
316,20854,1,1.65,United Kingdom,68,Female,New,Referral,Electronics,Cables,no,Credit Card,3,active
317,22906,1,1.65,United Kingdom,61,Male,Regular,Organic,Toys,Outdoor,no,Credit Card,4,churned
318,20867,1,1.25,United Kingdom,40,Female,New,Ads,Clothing,Kids,yes,Credit Card,2,churned
319,21986,1,0.29,United Kingdom,79,Female,Regular,Email,Kitchen,Storage,no,Bank Transfer,6,active
320,21967,1,0.29,United Kingdom,71,Male,New,Ads,Electronics,Accessories,no,Bank Transfer,6,churned
321,84558A,2,2.95,United Kingdom,28,Female,VIP,Organic,Kitchen,Appliances,no,Bank Transfer,7,churned
322,20974,1,0.65,United Kingdom,39,Male,Regular,Organic,Kitchen,Storage,no,Cash,1,churned
323,21710,1,4.95,United Kingdom,36,Female,New,Ads,Home Decor,Decor,no,Cash,8,active
324,84997D,1,3.75,United Kingdom,41,Female,VIP,Ads,Toys,Outdoor,no,Credit Card,7,active
325,84997C,1,3.75,United Kingdom,25,Male,New,Organic,Electronics,Accessories,no,Cash,8,churned
326,21186,24,1.65,United Kingdom,63,Male,New,Referral,Toys,Kids,no,Credit Card,8,active
327,21188,12,2.95,United Kingdom,37,Female,VIP,Organic,Kitchen,Appliances,no,PayPal,3,churned
328,22456,6,4.95,United Kingdom,61,Female,Regular,Email,Toys,Outdoor,no,Cash,4,churned
329,22457,6,2.95,United Kingdom,76,Female,Regular,Organic,Clothing,Women,no,Cash,5,churned
330,85123A,32,2.55,United Kingdom,38,Male,Regular,Ads,Electronics,Gadgets,no,PayPal,2,churned
331,84832,12,0.85,United Kingdom,24,Male,New,Email,Kitchen,Storage,yes,Cash,8,churned
332,82486,2,7.95,United Kingdom,27,Female,New,Email,Home Decor,Decor,no,PayPal,6,active
333,21224,10,1.25,United Kingdom,21,Male,New,Ads,Home Decor,Lights,no,PayPal,8,churned
334,22534,24,0.42,United Kingdom,75,Male,New,Ads,Electronics,Accessories,yes,Bank Transfer,2,active
335,22535,24,0.42,United Kingdom,30,Male,Regular,Email,Clothing,Women,no,Credit Card,3,churned
336,21833,12,1.69,United Kingdom,48,Female,VIP,Ads,Clothing,Men,no,Credit Card,4,active
337,85226A,12,0.55,United Kingdom,18,Female,New,Referral,Home Decor,Lights,no,Cash,2,active
338,22571,12,0.85,United Kingdom,26,Male,VIP,Referral,Electronics,Accessories,no,Credit Card,4,churned
339,22745,6,2.1,United Kingdom,31,Female,VIP,Referral,Kitchen,Appliances,no,Bank Transfer,7,churned
340,22139,3,4.95,United Kingdom,74,Female,VIP,Email,Home Decor,Frames,no,Bank Transfer,4,churned
341,84077,48,0.29,United Kingdom,77,Male,New,Ads,Electronics,Gadgets,no,PayPal,3,churned
342,22588,6,2.55,United Kingdom,22,Male,New,Referral,Clothing,Women,no,PayPal,4,active
343,20719,10,0.85,United Kingdom,31,Male,Regular,Email,Clothing,Women,no,Cash,4,active
344,71053,4,3.75,United Kingdom,35,Female,VIP,Referral,Home Decor,Lights,no,PayPal,2,active
345,84755,16,0.65,United Kingdom,41,Female,Regular,Email,Electronics,Gadgets,no,Credit Card,9,churned
346,71477,4,3.25,United Kingdom,35,Male,Regular,Organic,Kitchen,Appliances,no,PayPal,2,churned
347,84945,12,0.85,United Kingdom,48,Male,New,Ads,Toys,Kids,no,Bank Transfer,6,active
348,22168,2,8.5,United Kingdom,27,Female,VIP,Organic,Kitchen,Utensils,yes,PayPal,8,churned
349,21896,6,2.1,United Kingdom,27,Male,VIP,Organic,Home Decor,Lights,no,Credit Card,5,active
350,22492,36,0.65,United Kingdom,73,Female,VIP,Email,Toys,Outdoor,no,PayPal,9,churned
351,84879,8,1.69,United Kingdom,50,Male,New,Ads,Home Decor,Decor,no,Bank Transfer,1,churned
352,21145,12,1.25,United Kingdom,37,Female,VIP,Referral,Clothing,Women,no,PayPal,1,active
353,21868,12,1.25,United Kingdom,64,Female,New,Organic,Toys,Puzzles,no,Bank Transfer,9,churned
354,22186,6,2.95,United Kingdom,61,Male,VIP,Email,Home Decor,Decor,no,PayPal,6,churned
355,22592,4,3.75,United Kingdom,30,Male,Regular,Ads,Kitchen,Storage,no,Bank Transfer,5,churned
356,21768,1,14.95,United Kingdom,49,Female,Regular,Email,Clothing,Kids,no,Credit Card,7,churned
357,79403,12,0.85,United Kingdom,63,Male,VIP,Organic,Home Decor,Lights,no,Bank Transfer,2,churned
358,22855,12,1.25,United Kingdom,44,Male,Regular,Referral,Kitchen,Utensils,no,PayPal,2,active
359,21191,6,2.1,United Kingdom,37,Female,VIP,Organic,Kitchen,Appliances,no,Credit Card,3,churned
360,85199L,12,0.65,United Kingdom,43,Female,Regular,Organic,Kitchen,Storage,no,PayPal,5,active
361,22037,12,0.42,United Kingdom,41,Male,VIP,Organic,Toys,Puzzles,no,Cash,7,churned
362,21351,16,1.95,United Kingdom,21,Female,Regular,Organic,Electronics,Accessories,no,Cash,5,active
363,22094,36,0.42,United Kingdom,62,Female,New,Email,Stationery,Art,no,Bank Transfer,8,active
364,22099,36,0.42,United Kingdom,44,Male,New,Email,Toys,Puzzles,no,Bank Transfer,6,churned
365,22892,12,1.25,United Kingdom,77,Female,Regular,Organic,Electronics,Gadgets,no,Credit Card,6,churned
366,22811,48,2.55,United Kingdom,67,Male,VIP,Email,Clothing,Women,no,Credit Card,1,churned
367,22088,6,2.95,United Kingdom,18,Female,VIP,Ads,Stationery,Pens,no,Cash,2,active
368,22090,6,2.95,United Kingdom,70,Male,VIP,Organic,Toys,Outdoor,no,Credit Card,7,churned
369,22771,24,1.25,United Kingdom,61,Male,VIP,Organic,Electronics,Gadgets,no,Bank Transfer,4,churned
370,21669,12,1.25,United Kingdom,62,Male,VIP,Ads,Kitchen,Appliances,no,Cash,8,churned
371,21668,12,1.25,United Kingdom,40,Female,VIP,Referral,Toys,Kids,no,Bank Transfer,5,churned
372,21672,12,1.25,United Kingdom,78,Female,VIP,Ads,Home Decor,Frames,no,Credit Card,6,active
373,21673,12,1.25,United Kingdom,31,Female,New,Ads,Stationery,Pens,no,Bank Transfer,7,churned
374,22775,12,1.25,United Kingdom,79,Female,VIP,Ads,Kitchen,Storage,no,Bank Transfer,2,active
375,22772,12,1.25,United Kingdom,58,Male,Regular,Ads,Clothing,Women,no,Bank Transfer,7,churned
376,22670,12,1.25,United Kingdom,68,Male,Regular,Email,Toys,Outdoor,yes,Bank Transfer,8,churned
377,21164,6,2.95,United Kingdom,41,Male,Regular,Email,Electronics,Cables,no,Bank Transfer,6,active
378,20956,12,1.25,United Kingdom,61,Female,VIP,Referral,Electronics,Cables,no,Credit Card,7,active
379,22121,3,5.95,United Kingdom,58,Male,Regular,Ads,Clothing,Men,no,PayPal,4,active
380,21146,12,1.95,United Kingdom,72,Female,New,Organic,Toys,Kids,no,Credit Card,7,churned
381,22335,24,0.65,United Kingdom,35,Male,Regular,Referral,Stationery,Pens,no,PayPal,1,churned
382,22694,6,2.1,United Kingdom,58,Female,New,Email,Toys,Kids,yes,PayPal,2,churned
383,84879,16,1.69,United Kingdom,50,Female,New,Organic,Toys,Puzzles,no,Bank Transfer,3,active
384,22296,12,1.65,United Kingdom,28,Female,Regular,Email,Stationery,Art,no,Bank Transfer,3,active
385,22855,12,1.25,United Kingdom,68,Female,Regular,Ads,Clothing,Kids,no,Cash,9,churned
386,84836,12,1.25,United Kingdom,43,Male,Regular,Referral,Home Decor,Frames,no,Credit Card,1,active
387,84970L,12,0.95,United Kingdom,63,Male,Regular,Ads,Electronics,Cables,no,Bank Transfer,3,churned
388,84946,12,1.25,United Kingdom,76,Male,VIP,Ads,Stationery,Art,no,Credit Card,5,active
389,22082,10,1.65,United Kingdom,58,Female,New,Ads,Kitchen,Utensils,no,PayPal,2,active
390,21360,1,9.95,United Kingdom,29,Male,New,Email,Home Decor,Decor,no,Credit Card,9,active
391,21143,12,1.95,United Kingdom,36,Female,Regular,Ads,Clothing,Kids,no,Credit Card,2,churned
392,21364,2,6.75,United Kingdom,36,Female,New,Email,Clothing,Women,no,PayPal,4,active
393,22311,12,2.95,United Kingdom,64,Male,New,Ads,Home Decor,Frames,no,Credit Card,3,churned
394,22812,12,1.95,United Kingdom,45,Male,VIP,Ads,Stationery,Pens,yes,Bank Transfer,3,churned
395,85049A,12,1.25,United Kingdom,26,Female,Regular,Referral,Kitchen,Utensils,no,Credit Card,9,churned
396,22075,12,1.65,United Kingdom,78,Male,VIP,Ads,Kitchen,Storage,no,Credit Card,6,churned
397,22731,18,1.25,United Kingdom,49,Female,Regular,Referral,Clothing,Kids,no,PayPal,4,churned
398,22732,18,1.25,United Kingdom,30,Male,Regular,Referral,Stationery,Art,no,Cash,5,churned
399,16169C,25,0.42,United Kingdom,33,Female,Regular,Referral,Kitchen,Storage,no,PayPal,2,churned
400,22580,3,5.95,United Kingdom,69,Female,Regular,Email,Clothing,Women,no,Credit Card,2,active
401,22187,4,4.25,United Kingdom,62,Female,New,Organic,Stationery,Books,no,Cash,7,active
402,22592,4,3.75,United Kingdom,39,Male,New,Referral,Clothing,Kids,no,Cash,2,churned
403,21349,2,6.75,United Kingdom,74,Female,VIP,Ads,Home Decor,Frames,no,PayPal,4,churned
404,21352,12,1.95,United Kingdom,77,Female,VIP,Referral,Clothing,Kids,no,Cash,9,churned
405,21815,12,1.45,United Kingdom,54,Male,New,Ads,Toys,Kids,no,Cash,5,churned
406,21479,4,3.75,United Kingdom,35,Male,Regular,Organic,Clothing,Women,no,PayPal,9,churned
407,21481,6,2.95,United Kingdom,76,Male,,Email,Toys,Kids,no,Cash,8,churned
408,21484,4,3.45,United Kingdom,52,Male,,Ads,Home Decor,Lights,no,PayPal,9,active
409,22111,3,4.95,United Kingdom,64,Female,,Email,Stationery,Books,no,Credit Card,3,churned
410,22865,12,2.1,United Kingdom,58,Female,,Referral,Stationery,Books,no,Credit Card,2,active
411,21033,2,2.95,United Kingdom,40,Female,,Organic,Stationery,Pens,no,Credit Card,8,churned
412,22909,5,0.85,United Kingdom,27,Female,,Ads,Stationery,Pens,no,Credit Card,7,active
413,85099B,100,1.65,United Kingdom,76,Female,,Organic,Kitchen,Utensils,no,PayPal,3,churned
414,40001,144,0.64,United Kingdom,31,Male,,Ads,Home Decor,Lights,no,Bank Transfer,6,churned
415,22844,12,7.65,United Kingdom,47,Male,,Email,Clothing,Men,no,Cash,8,churned
416,21987,216,0.53,United Kingdom,41,Male,,Organic,Stationery,Books,yes,PayPal,7,churned
417,21989,96,0.64,United Kingdom,42,Female,,Organic,Home Decor,Frames,no,PayPal,9,churned
418,72351B,12,2.1,United Kingdom,56,Male,,Ads,Clothing,Kids,no,Bank Transfer,9,churned
419,47599A,36,2.1,United Kingdom,19,Female,,Email,Toys,Kids,yes,PayPal,4,churned
420,47590B,50,4.65,United Kingdom,34,Female,,Organic,Kitchen,Appliances,no,PayPal,7,active
421,21833,12,1.69,United Kingdom,76,Female,,Email,Home Decor,Lights,no,Bank Transfer,5,churned
422,22492,36,0.65,United Kingdom,78,Male,,Ads,Kitchen,Utensils,no,Credit Card,6,churned
423,20733,60,0.42,United Kingdom,79,Female,,Email,Home Decor,Frames,no,PayPal,2,churned
424,21333,1,2.95,United Kingdom,65,Female,,Ads,Clothing,Men,no,Credit Card,2,active
425,85040A,1,1.65,United Kingdom,20,Female,,Referral,Kitchen,Storage,no,PayPal,9,churned
426,21009,2,1.25,United Kingdom,70,Female,,Referral,Kitchen,Appliances,no,Cash,5,churned
427,22502,1,4.95,United Kingdom,20,Male,,Ads,Kitchen,Storage,no,Bank Transfer,8,churned
428,85123A,1,2.95,United Kingdom,18,Male,,Email,Electronics,Gadgets,yes,PayPal,3,active
429,21319,1,1.65,United Kingdom,54,Male,,Email,Electronics,Cables,no,Bank Transfer,7,churned
430,22786,2,5.95,Australia,37,Female,,Ads,Electronics,Cables,no,Bank Transfer,2,churned
431,22785,2,6.75,Australia,22,Female,,Email,Kitchen,Storage,no,Bank Transfer,9,churned
432,22892,12,1.25,Australia,26,Male,,Email,Electronics,Cables,no,Bank Transfer,9,churned
433,20685,4,7.95,Australia,19,Female,,Organic,Stationery,Art,no,Bank Transfer,9,active
434,48138,10,6.75,Australia,38,Female,,Email,Kitchen,Appliances,no,Credit Card,8,churned
435,10002,24,0.85,Australia,24,Male,,Referral,Electronics,Accessories,no,PayPal,6,active
436,21731,12,1.65,Australia,70,Female,,Ads,Toys,Kids,no,Credit Card,5,active
437,79067,24,3.75,Australia,47,Male,,Ads,Kitchen,Appliances,yes,Cash,4,active
438,22942,2,8.5,Australia,42,Female,,Ads,Kitchen,Utensils,no,Bank Transfer,2,active
439,22941,2,8.5,Australia,77,Female,,Email,Kitchen,Utensils,no,Bank Transfer,2,active
440,22383,10,1.65,Australia,79,Male,,Email,Electronics,Accessories,no,Bank Transfer,9,active
441,21555,12,2.55,Australia,65,Female,,Organic,Stationery,Pens,no,PayPal,5,churned
442,21937,5,2.95,Australia,77,Male,,Organic,Home Decor,Lights,no,Cash,6,churned
443,22745,6,2.1,United Kingdom,19,Female,,Email,Clothing,Kids,no,Cash,9,active
444,22423,4,12.75,United Kingdom,48,Male,,Referral,Clothing,Kids,no,PayPal,1,churned
445,22907,12,0.85,United Kingdom,20,Male,,Email,Stationery,Art,yes,PayPal,5,active
446,21974,12,1.45,United Kingdom,52,Male,,Referral,Kitchen,Storage,no,PayPal,9,churned
447,22271,6,2.95,United Kingdom,59,Male,,Email,Toys,Kids,no,Cash,7,churned
448,22749,4,3.75,United Kingdom,29,Male,,Email,Stationery,Pens,yes,Cash,1,churned
449,22892,12,1.25,United Kingdom,35,Male,,Organic,Toys,Puzzles,no,Credit Card,7,active
450,85227,12,0.85,United Kingdom,27,Female,,Ads,Stationery,Books,no,PayPal,8,active
451,85226A,12,0.55,United Kingdom,77,Female,,Email,Kitchen,Appliances,no,Bank Transfer,2,churned
452,21790,12,0.85,United Kingdom,25,Male,,Email,Clothing,Kids,no,Cash,1,churned
453,21791,12,1.25,United Kingdom,62,Male,,Email,Toys,Kids,no,PayPal,4,churned
454,22139,3,4.95,United Kingdom,25,Female,,Organic,Clothing,Kids,no,PayPal,8,churned
455,22531,24,0.42,United Kingdom,71,Male,,Organic,Stationery,Pens,no,Credit Card,6,active
456,21777,3,7.95,United Kingdom,37,Male,,Referral,Clothing,Kids,no,Bank Transfer,1,churned
457,21808,12,3.75,United Kingdom,52,Female,,Organic,Toys,Kids,no,Bank Transfer,7,churned
458,21804,12,3.75,United Kingdom,49,Female,,Email,Stationery,Pens,no,Credit Card,5,active
459,21259,3,5.95,United Kingdom,27,Female,,Ads,Electronics,Gadgets,no,Credit Card,9,churned
460,21784,1,9.95,United Kingdom,32,Female,,Ads,Clothing,Women,no,Bank Transfer,2,churned
461,22379,5,2.1,United Kingdom,31,Female,,Ads,Kitchen,Appliances,no,PayPal,5,churned
462,85099C,10,1.95,United Kingdom,67,Female,,Organic,Toys,Outdoor,no,PayPal,5,active
463,22112,24,4.25,United Kingdom,68,Female,,Ads,Kitchen,Utensils,no,Cash,9,churned
464,22114,35,3.45,United Kingdom,57,Female,,Email,Kitchen,Storage,yes,Cash,5,churned
465,22207,12,4.25,United Kingdom,25,Female,,Organic,Toys,Puzzles,no,Cash,3,active
466,84879,16,1.69,France,49,Male,,Email,Kitchen,Utensils,no,Credit Card,5,active
467,22740,48,0.85,France,48,Female,,Referral,Home Decor,Decor,no,Bank Transfer,2,churned
468,22741,48,0.85,France,67,Female,,Referral,Kitchen,Utensils,yes,Credit Card,3,active
469,21579,4,2.25,France,57,Female,,Email,Stationery,Books,no,PayPal,6,churned
470,21578,2,2.25,France,20,Female,,Ads,Stationery,Books,no,Credit Card,5,active
471,21577,4,2.25,France,69,Male,,Email,Clothing,Kids,no,Cash,3,churned
472,21576,2,2.25,France,78,Female,,Referral,Home Decor,Frames,yes,Bank Transfer,9,active
473,21716,2,2.55,France,30,Female,,Referral,Electronics,Gadgets,no,Bank Transfer,2,churned
474,21715,2,2.55,France,58,Female,,Ads,Toys,Kids,no,PayPal,9,churned
475,21718,4,1.25,France,21,Female,,Referral,Toys,Kids,no,Cash,3,active
476,22620,1,1.25,France,40,Male,,Email,Home Decor,Decor,no,Bank Transfer,2,active
477,22296,12,1.65,France,71,Female,,Organic,Toys,Kids,no,Cash,7,churned
478,22403,2,1.25,France,25,Male,,Email,Stationery,Pens,no,Bank Transfer,9,churned
479,22398,2,1.25,France,18,Female,,Organic,Home Decor,Frames,no,PayPal,1,churned
480,22399,2,1.25,France,69,Female,,Email,Home Decor,Decor,no,Credit Card,7,active
481,22396,2,1.25,France,32,Female,,Organic,Stationery,Books,no,PayPal,1,active
482,22620,1,1.25,France,29,Female,,Ads,Stationery,Art,no,PayPal,9,churned
483,22619,2,3.75,France,50,Male,,Email,Kitchen,Storage,no,Credit Card,7,churned
484,22725,2,3.75,France,54,Female,,Email,Electronics,Gadgets,no,Credit Card,4,churned
485,22727,2,3.75,France,50,Female,,Email,Toys,Puzzles,no,Bank Transfer,2,active
486,22729,2,3.75,France,49,Male,,Organic,Stationery,Books,no,PayPal,6,churned
487,22730,2,3.75,France,31,Female,,Referral,Stationery,Pens,no,Cash,6,churned
488,22726,2,3.75,France,26,Female,,Email,Toys,Outdoor,yes,Bank Transfer,9,churned
489,22728,2,3.75,France,57,Male,,Email,Stationery,Art,no,PayPal,1,churned
490,22855,12,1.25,France,61,Female,,Email,Clothing,Women,no,PayPal,5,churned
491,84945,12,0.85,France,30,Male,,Organic,Kitchen,Storage,no,PayPal,3,churned
492,84991,3,0.55,France,24,Male,,Email,Kitchen,Utensils,no,Cash,3,active
493,84991,2,0.55,France,41,Female,,Organic,Kitchen,Appliances,no,Cash,6,active
494,22557,2,1.65,France,64,Female,,Organic,Clothing,Women,no,Bank Transfer,9,churned
495,84732D,1,1.65,France,45,Male,,Ads,Kitchen,Storage,no,Bank Transfer,9,churned
496,22197,1,0.85,France,38,Male,,Email,Home Decor,Decor,no,PayPal,1,churned
497,22082,2,1.65,France,29,Female,,Organic,Kitchen,Storage,yes,Cash,9,churned
498,22454,2,2.95,France,33,Male,,Organic,Kitchen,Storage,no,Cash,5,active
499,22453,2,2.95,France,49,Female,,Organic,Toys,Puzzles,no,Cash,2,churned
500,22452,2,2.95,France,52,Male,,Ads,Kitchen,Appliances,no,Bank Transfer,5,active
501,22551,2,1.65,France,79,Female,,Referral,Home Decor,Frames,no,PayPal,5,churned
502,22549,6,1.45,France,43,Male,,Email,Stationery,Books,no,Credit Card,6,churned
503,22561,6,1.65,France,68,Male,,Ads,Clothing,Kids,yes,PayPal,4,churned
504,22491,6,0.85,France,39,Female,,Ads,Kitchen,Utensils,no,PayPal,2,churned
505,22489,6,0.42,France,59,Male,,Email,Toys,Puzzles,no,PayPal,5,active
506,22367,3,1.95,France,63,Female,,Ads,Home Decor,Lights,yes,PayPal,3,active
507,22529,2,0.42,France,65,Male,,Referral,Home Decor,Decor,no,Cash,1,active
508,22531,2,0.42,France,25,Female,,Email,Toys,Outdoor,no,Credit Card,3,churned
509,22530,2,0.42,France,41,Male,,Ads,Toys,Puzzles,no,Bank Transfer,5,churned
510,22534,2,0.42,France,62,Male,,Email,Electronics,Gadgets,no,Bank Transfer,6,active
511,22445,2,2.95,France,71,Male,,Referral,Clothing,Women,no,Cash,1,churned
512,22902,2,2.1,France,77,Male,,Email,Clothing,Kids,no,Credit Card,2,churned
513,22900,2,2.95,France,42,Female,,Email,Stationery,Books,no,Cash,6,churned
514,21680,12,0.85,France,52,Female,,Email,Home Decor,Decor,no,Cash,5,churned
515,21679,12,0.85,France,59,Female,,Referral,Toys,Puzzles,no,PayPal,3,active
516,21677,12,0.85,France,46,Female,,Organic,Electronics,Gadgets,no,Credit Card,5,active
517,21719,12,0.85,France,71,Male,,Referral,Kitchen,Storage,no,Bank Transfer,4,active
518,21724,6,0.85,France,32,Female,,Email,Clothing,Women,yes,PayPal,4,churned
519,21720,6,0.85,France,72,Male,,Organic,Home Decor,Decor,no,Bank Transfer,6,active
520,21726,12,0.85,France,34,Male,,Organic,Toys,Outdoor,no,Cash,9,churned
521,22375,2,4.25,France,76,Male,,Referral,Clothing,Men,yes,PayPal,9,churned
522,22374,2,4.25,France,23,Male,,Ads,Electronics,Accessories,no,Bank Transfer,3,active
523,22371,2,4.25,France,56,Female,,Ads,Stationery,Books,no,Cash,9,churned
524,22659,1,1.95,France,78,Male,,Email,Kitchen,Appliances,no,PayPal,5,active
525,22328,1,2.95,France,67,Female,,Email,Clothing,Women,no,Cash,4,churned
526,22467,1,2.55,France,76,Male,,Organic,Clothing,Kids,no,PayPal,7,active
527,22139,1,4.95,France,54,Male,,Referral,Kitchen,Appliances,no,Bank Transfer,8,churned
528,22906,2,1.65,France,72,Male,,Referral,Home Decor,Lights,no,Credit Card,8,active
529,20726,1,1.65,France,68,Female,,Email,Stationery,Books,no,PayPal,9,active
530,22652,1,1.65,France,76,Male,,Organic,Home Decor,Decor,no,Bank Transfer,9,active
531,22555,1,1.65,France,37,Male,,Ads,Toys,Puzzles,no,Bank Transfer,4,churned
532,22328,1,2.95,France,76,Female,,Email,Stationery,Pens,yes,Bank Transfer,4,active
533,22897,1,1.45,France,37,Male,,Email,Kitchen,Storage,no,PayPal,1,churned
534,22158,16,2.95,United Kingdom,61,Female,,Ads,Toys,Puzzles,yes,Cash,7,churned
535,84978,12,1.25,United Kingdom,46,Female,,Organic,Kitchen,Utensils,no,Bank Transfer,9,churned
536,22695,12,1.45,United Kingdom,73,Male,,Email,Electronics,Accessories,no,Credit Card,8,active
537,22855,24,1.25,United Kingdom,33,Male,,Referral,Home Decor,Frames,no,Credit Card,8,churned
538,22457,6,2.95,United Kingdom,54,Male,,Organic,Clothing,Men,no,Credit Card,1,churned
539,22297,24,1.25,United Kingdom,48,Female,,Referral,Kitchen,Appliances,no,Credit Card,6,churned
540,84879,16,1.69,United Kingdom,79,Female,,Email,Electronics,Accessories,no,PayPal,7,active
541,22322,12,0.85,United Kingdom,34,Male,,Email,Home Decor,Lights,no,Bank Transfer,1,churned
542,22321,12,0.85,United Kingdom,34,Female,,Referral,Toys,Kids,no,Bank Transfer,1,churned
543,22186,6,2.95,United Kingdom,20,Female,,Organic,Home Decor,Frames,no,Credit Card,9,active
544,21911,12,1.65,United Kingdom,46,Female,,Referral,Stationery,Art,no,Bank Transfer,9,churned
545,21464,12,4.25,United Kingdom,67,Female,,Referral,Home Decor,Decor,no,Credit Card,8,churned
546,22525,1,1.25,United Kingdom,40,Female,,Referral,Kitchen,Appliances,no,Credit Card,3,churned
547,16016,1,0.85,United Kingdom,68,Female,,Ads,Toys,Outdoor,no,Cash,5,active
548,16015,1,0.5,United Kingdom,70,Male,,Email,Electronics,Cables,no,Bank Transfer,8,active
549,22712,12,0.42,United Kingdom,39,Female,New,Organic,Home Decor,Frames,no,Cash,9,active
550,22717,12,0.42,United Kingdom,71,Male,New,Organic,Toys,Kids,no,PayPal,8,churned
551,84569C,1,1.25,United Kingdom,37,Male,New,Email,Stationery,Books,no,Credit Card,5,churned
552,47599A,2,2.1,United Kingdom,30,Female,New,Referral,Toys,Outdoor,no,Bank Transfer,2,active
553,84569B,1,1.25,United Kingdom,22,Male,Regular,Referral,Clothing,Men,no,Credit Card,5,churned
554,85096,1,3.75,United Kingdom,29,Female,Regular,Referral,Home Decor,Lights,no,Bank Transfer,8,churned
555,79191D,1,0.85,United Kingdom,63,Female,Regular,Organic,Electronics,Accessories,no,PayPal,7,churned
556,79191B,2,0.85,United Kingdom,78,Female,VIP,Referral,Toys,Puzzles,yes,PayPal,4,churned
557,79190B,3,0.42,United Kingdom,26,Male,Regular,Organic,Stationery,Books,no,Bank Transfer,7,churned
558,72741,9,1.45,United Kingdom,46,Female,New,Referral,Electronics,Gadgets,no,PayPal,1,churned
559,22737,1,1.65,United Kingdom,40,Male,VIP,Email,Home Decor,Frames,no,PayPal,9,active
560,22502,1,5.95,United Kingdom,49,Male,Regular,Organic,Home Decor,Frames,no,Credit Card,3,churned
561,22514,1,2.1,United Kingdom,25,Male,New,Organic,Home Decor,Lights,yes,Credit Card,6,churned
562,22516,1,2.1,United Kingdom,66,Female,New,Email,Home Decor,Frames,no,Credit Card,9,active
563,85014B,1,5.95,United Kingdom,52,Female,Regular,Email,Electronics,Accessories,no,PayPal,9,active
564,85014A,1,5.95,United Kingdom,36,Male,New,Referral,Electronics,Cables,no,PayPal,9,churned
565,15060B,1,3.75,United Kingdom,42,Female,Regular,Email,Kitchen,Storage,no,PayPal,9,churned
566,22389,12,0.85,United Kingdom,30,Male,New,Organic,Clothing,Men,yes,Cash,3,churned
567,20728,1,1.65,United Kingdom,77,Male,Regular,Email,Home Decor,Frames,no,Credit Card,6,active
568,21894,1,1.25,United Kingdom,78,Female,Regular,Referral,Electronics,Accessories,no,Cash,4,active
569,21115,1,6.75,United Kingdom,29,Female,Regular,Organic,Home Decor,Frames,no,PayPal,6,churned
570,22945,6,0.85,United Kingdom,44,Male,VIP,Referral,Toys,Puzzles,no,Cash,6,churned
571,35400,2,8.95,United Kingdom,52,Female,New,Referral,Electronics,Accessories,yes,Bank Transfer,2,active
572,22578,1,0.85,United Kingdom,27,Male,VIP,Email,Kitchen,Utensils,no,Bank Transfer,9,churned
573,21894,1,1.25,United Kingdom,35,Female,Regular,Ads,Stationery,Books,no,Bank Transfer,7,active
574,22585,6,1.25,United Kingdom,58,Female,Regular,Organic,Clothing,Women,no,Cash,6,active
575,22557,2,1.65,United Kingdom,42,Female,New,Ads,Electronics,Cables,no,Bank Transfer,1,churned
576,22551,1,1.65,United Kingdom,62,Female,VIP,Organic,Home Decor,Frames,no,Bank Transfer,5,churned
577,22619,2,3.75,United Kingdom,25,Male,VIP,Ads,Toys,Outdoor,no,Bank Transfer,7,active
578,20969,1,3.75,United Kingdom,57,Female,Regular,Referral,Toys,Kids,no,Cash,2,active
579,20970,1,3.75,United Kingdom,20,Male,New,Organic,Stationery,Pens,no,Credit Card,6,churned
580,22497,1,4.25,United Kingdom,46,Female,VIP,Ads,Kitchen,Appliances,no,Bank Transfer,1,active
581,84675,2,2.95,United Kingdom,67,Male,Regular,Ads,Home Decor,Lights,no,Credit Card,2,churned
582,22589,2,2.55,United Kingdom,56,Male,Regular,Ads,Stationery,Art,yes,PayPal,1,churned
583,21715,1,2.55,United Kingdom,28,Female,VIP,Organic,Clothing,Kids,no,Credit Card,8,active
584,22521,1,0.85,United Kingdom,36,Female,New,Email,Clothing,Men,yes,Cash,5,churned
585,21718,1,1.25,United Kingdom,28,Female,VIP,Ads,Toys,Kids,no,Cash,3,churned
586,22523,1,0.85,United Kingdom,76,Female,VIP,Referral,Home Decor,Lights,no,PayPal,3,active
587,47566B,1,4.65,United Kingdom,34,Female,VIP,Referral,Home Decor,Decor,no,Cash,3,churned
588,84674,2,2.95,United Kingdom,76,Female,New,Organic,Kitchen,Utensils,no,Credit Card,8,churned
589,22524,1,1.25,United Kingdom,22,Female,New,Email,Stationery,Art,yes,Cash,6,churned
590,22522,1,0.85,United Kingdom,24,Female,New,Email,Electronics,Cables,no,Credit Card,9,active
591,22520,1,0.85,United Kingdom,79,Female,New,Email,Electronics,Cables,no,Credit Card,2,churned
592,47586A,2,2.55,United Kingdom,31,Male,New,Organic,Toys,Kids,no,Bank Transfer,1,active
593,21186,4,1.65,United Kingdom,46,Male,New,Ads,Kitchen,Utensils,no,Credit Card,3,active
594,22630,1,1.95,United Kingdom,34,Male,Regular,Ads,Toys,Outdoor,no,Bank Transfer,6,active
595,22631,1,1.95,United Kingdom,20,Female,New,Ads,Toys,Kids,no,PayPal,6,churned
596,22393,12,0.85,United Kingdom,58,Female,New,Ads,Kitchen,Appliances,no,Cash,9,churned
597,84030E,1,4.25,United Kingdom,48,Female,VIP,Organic,Kitchen,Storage,yes,Credit Card,9,churned
598,22952,2,0.55,United Kingdom,27,Female,Regular,Organic,Kitchen,Storage,no,PayPal,8,active
599,22952,2,0.55,United Kingdom,35,Male,New,Referral,Toys,Kids,no,Credit Card,1,churned
600,84988,1,1.45,United Kingdom,25,Male,New,Ads,Electronics,Gadgets,no,Credit Card,8,churned
601,22367,1,1.95,United Kingdom,34,Female,New,Organic,Stationery,Art,no,Cash,7,churned
602,22496,1,2.95,United Kingdom,25,Male,VIP,Email,Home Decor,Decor,no,Credit Card,9,churned
603,85084,6,0.85,United Kingdom,26,Male,Regular,Organic,Toys,Outdoor,no,Cash,7,churned
604,47556B,1,2.95,United Kingdom,45,Female,New,Organic,Home Decor,Decor,yes,Cash,9,churned
605,22080,1,1.65,United Kingdom,29,Male,Regular,Organic,Clothing,Women,no,Bank Transfer,3,churned
606,85096,1,3.75,United Kingdom,20,Male,VIP,Email,Kitchen,Utensils,no,Credit Card,8,churned
607,21914,1,1.25,United Kingdom,23,Male,New,Organic,Clothing,Men,no,Credit Card,6,active
608,22619,4,3.75,United Kingdom,79,Male,New,Organic,Toys,Puzzles,no,PayPal,8,churned
609,22620,3,1.25,United Kingdom,65,Male,New,Ads,Electronics,Accessories,no,Bank Transfer,1,active
610,22779,2,4.25,United Kingdom,44,Male,Regular,Email,Stationery,Art,yes,PayPal,7,churned
611,22780,2,4.25,United Kingdom,65,Female,VIP,Email,Kitchen,Appliances,no,Bank Transfer,8,churned
612,22555,1,1.65,United Kingdom,43,Male,VIP,Email,Electronics,Accessories,no,Bank Transfer,4,churned
613,22444,24,1.25,United Kingdom,31,Male,Regular,Organic,Kitchen,Appliances,no,PayPal,4,churned
614,84931B,1,2.55,United Kingdom,54,Female,Regular,Ads,Stationery,Art,no,Bank Transfer,9,active
615,22620,2,1.25,United Kingdom,22,Female,VIP,Ads,Kitchen,Storage,no,Credit Card,4,churned
616,21892,5,1.25,United Kingdom,48,Female,Regular,Email,Clothing,Men,no,PayPal,8,churned
617,84931A,1,2.55,United Kingdom,18,Male,VIP,Email,Electronics,Gadgets,no,Credit Card,6,churned
618,22555,1,1.65,United Kingdom,18,Female,VIP,Ads,Toys,Outdoor,no,Credit Card,2,active
619,22556,1,1.65,United Kingdom,51,Male,VIP,Email,Clothing,Men,no,Cash,2,churned
620,22157,5,0.85,United Kingdom,53,Male,New,Organic,Toys,Puzzles,no,Credit Card,1,churned
621,22578,4,0.85,United Kingdom,29,Male,Regular,Email,Electronics,Accessories,no,PayPal,9,churned
622,22577,2,0.85,United Kingdom,50,Female,Regular,Ads,Home Decor,Decor,no,PayPal,5,churned
623,22576,2,0.85,United Kingdom,61,Female,VIP,Referral,Clothing,Men,no,Cash,1,churned
624,22574,5,0.85,United Kingdom,43,Male,VIP,Email,Stationery,Art,no,Cash,8,churned
625,22580,1,5.95,United Kingdom,75,Male,Regular,Ads,Stationery,Books,no,Credit Card,4,churned
626,20723,1,0.85,United Kingdom,39,Male,VIP,Organic,Clothing,Kids,no,Credit Card,5,churned
627,21100,1,1.65,United Kingdom,32,Male,Regular,Organic,Electronics,Accessories,no,Bank Transfer,9,churned
628,84032A,1,2.95,United Kingdom,23,Female,Regular,Referral,Electronics,Cables,no,Credit Card,1,churned
629,84032B,1,2.95,United Kingdom,62,Female,VIP,Email,Home Decor,Lights,no,PayPal,4,churned
630,21484,1,3.45,United Kingdom,62,Male,VIP,Organic,Toys,Outdoor,no,PayPal,7,active
631,22743,1,2.95,United Kingdom,20,Female,New,Organic,Kitchen,Storage,no,Cash,7,churned
632,20681,1,3.25,United Kingdom,54,Male,Regular,Ads,Stationery,Books,no,Bank Transfer,6,churned
633,20682,1,3.25,United Kingdom,44,Female,New,Ads,Stationery,Art,no,Credit Card,9,churned
634,22418,12,0.85,United Kingdom,28,Male,Regular,Email,Home Decor,Frames,yes,Bank Transfer,2,churned
635,21705,2,1.65,United Kingdom,52,Female,Regular,Ads,Toys,Puzzles,no,PayPal,9,churned
636,22899,2,2.1,United Kingdom,44,Male,Regular,Ads,Kitchen,Storage,no,Bank Transfer,4,churned
637,20751,1,2.1,United Kingdom,42,Female,New,Email,Toys,Outdoor,yes,PayPal,6,churned
638,20754,1,2.1,United Kingdom,45,Male,New,Referral,Toys,Outdoor,no,Credit Card,9,churned
639,72351B,2,2.1,United Kingdom,50,Female,New,Referral,Toys,Kids,no,Credit Card,5,churned
640,84991,1,0.55,United Kingdom,54,Female,New,Referral,Clothing,Women,no,Credit Card,4,churned
641,22417,1,0.55,United Kingdom,57,Male,VIP,Ads,Electronics,Gadgets,no,Cash,9,churned
642,85227,2,0.85,United Kingdom,43,Female,New,Ads,Toys,Outdoor,no,Bank Transfer,5,active
643,84879,5,1.69,United Kingdom,19,Female,VIP,Email,Toys,Puzzles,no,PayPal,1,active
644,22567,1,1.25,United Kingdom,19,Male,VIP,Email,Home Decor,Lights,no,Bank Transfer,9,churned
645,22082,1,1.65,United Kingdom,18,Male,Regular,Referral,Stationery,Pens,no,PayPal,7,churned
646,22080,1,1.65,United Kingdom,44,Female,New,Ads,Kitchen,Utensils,no,PayPal,4,active
647,10120,5,0.21,United Kingdom,67,Female,Regular,Ads,Home Decor,Lights,no,PayPal,3,churned
648,16237,5,0.21,United Kingdom,19,Female,VIP,Email,Clothing,Men,no,Credit Card,9,active
649,22581,5,0.85,United Kingdom,30,Female,VIP,Referral,Toys,Kids,no,PayPal,3,active
650,10133,1,0.85,United Kingdom,44,Female,New,Organic,Stationery,Pens,no,Bank Transfer,5,churned
651,20981,1,0.85,United Kingdom,60,Male,VIP,Ads,Home Decor,Decor,no,Credit Card,9,active
652,22154,8,0.42,United Kingdom,73,Female,VIP,Email,Toys,Outdoor,no,Bank Transfer,9,churned
653,22077,1,1.65,United Kingdom,63,Female,Regular,Email,Toys,Puzzles,no,Cash,2,churned
654,21563,1,2.95,United Kingdom,68,Male,New,Referral,Electronics,Accessories,no,PayPal,5,active
655,84997B,1,3.75,United Kingdom,39,Male,Regular,Email,Stationery,Pens,yes,PayPal,5,churned
656,84997D,1,3.75,United Kingdom,64,Male,New,Ads,Clothing,Men,yes,PayPal,6,churned
657,22743,1,2.95,United Kingdom,62,Male,Regular,Referral,Toys,Puzzles,no,Bank Transfer,9,churned
658,84380,1,1.25,United Kingdom,70,Male,Regular,Referral,Home Decor,Frames,no,PayPal,4,churned
659,21914,2,1.25,United Kingdom,27,Male,Regular,Email,Stationery,Pens,no,Bank Transfer,5,churned
660,21122,2,1.25,United Kingdom,55,Female,VIP,Referral,Electronics,Gadgets,no,Bank Transfer,7,churned
661,21121,2,1.25,United Kingdom,61,Female,Regular,Organic,Toys,Kids,yes,Bank Transfer,3,active
662,21355,1,1.25,United Kingdom,62,Male,Regular,Ads,Stationery,Books,no,Credit Card,1,active
663,21354,1,1.25,United Kingdom,46,Female,New,Organic,Clothing,Kids,no,Cash,5,churned
664,21356,1,1.25,United Kingdom,78,Female,Regular,Referral,Home Decor,Frames,no,Cash,5,active
665,22866,1,2.1,United Kingdom,31,Male,VIP,Email,Electronics,Gadgets,no,PayPal,9,churned
666,22867,1,2.1,United Kingdom,65,Female,VIP,Organic,Kitchen,Appliances,no,Credit Card,8,churned
667,22952,2,0.55,United Kingdom,76,Female,New,Referral,Home Decor,Lights,no,Credit Card,5,churned
668,22567,2,1.25,United Kingdom,57,Male,VIP,Organic,Electronics,Accessories,no,Bank Transfer,7,churned
669,85124C,2,2.55,United Kingdom,69,Male,Regular,Referral,Kitchen,Appliances,no,Credit Card,1,churned
670,85124B,2,2.55,United Kingdom,50,Female,VIP,Email,Toys,Outdoor,no,Credit Card,8,churned
671,22150,2,1.95,United Kingdom,56,Male,VIP,Ads,Home Decor,Decor,no,Cash,4,active
672,21329,1,1.65,United Kingdom,73,Male,Regular,Ads,Stationery,Art,no,Cash,7,churned
673,21330,1,1.65,United Kingdom,19,Female,Regular,Ads,Toys,Kids,no,Bank Transfer,9,churned
674,21328,1,1.65,United Kingdom,35,Female,VIP,Ads,Toys,Puzzles,no,Cash,7,active
675,22616,12,0.29,United Kingdom,69,Female,VIP,Organic,Home Decor,Lights,no,Cash,9,active
676,21206,1,1.65,United Kingdom,39,Female,VIP,Ads,Home Decor,Lights,yes,Credit Card,4,active
677,21207,1,1.65,United Kingdom,44,Male,New,Ads,Stationery,Art,no,Credit Card,7,active
678,21190,1,1.65,United Kingdom,24,Female,Regular,Email,Stationery,Books,no,Bank Transfer,4,active
679,21200,1,1.65,United Kingdom,38,Female,Regular,Referral,Stationery,Books,yes,Credit Card,8,churned
680,21205,1,2.55,United Kingdom,36,Female,VIP,Referral,Kitchen,Appliances,no,Credit Card,7,churned
681,21201,1,2.55,United Kingdom,46,Female,Regular,Organic,Home Decor,Frames,no,Credit Card,5,churned
682,22088,1,2.95,United Kingdom,61,Female,VIP,Ads,Electronics,Accessories,yes,Bank Transfer,6,churned
683,22615,12,0.29,United Kingdom,21,Male,VIP,Referral,Clothing,Women,no,Cash,3,active
684,22099,2,1.25,United Kingdom,63,Male,New,Email,Kitchen,Storage,yes,Cash,7,churned
685,22097,1,1.25,United Kingdom,54,Male,VIP,Organic,Electronics,Gadgets,no,Credit Card,1,active
686,22093,2,1.25,United Kingdom,18,Female,VIP,Ads,Kitchen,Utensils,no,Cash,2,churned
687,22098,2,1.25,United Kingdom,27,Female,Regular,Ads,Stationery,Pens,no,Cash,7,active
688,22097,1,1.25,United Kingdom,60,Male,Regular,Organic,Home Decor,Frames,no,Cash,6,churned
689,35970,6,1.69,United Kingdom,74,Female,Regular,Organic,Clothing,Kids,no,Cash,3,churned
690,21034,3,0.95,United Kingdom,18,Female,Regular,Referral,Kitchen,Storage,no,PayPal,8,active
691,22164,48,1.25,United Kingdom,48,Male,Regular,Organic,Home Decor,Lights,no,Cash,8,churned
692,84032B,36,1.25,United Kingdom,37,Male,New,Email,Electronics,Cables,no,Cash,6,churned
693,85018D,24,0.85,United Kingdom,38,Male,VIP,Email,Home Decor,Frames,no,Credit Card,5,active
694,22161,24,0.65,United Kingdom,73,Male,VIP,Referral,Toys,Puzzles,no,Bank Transfer,5,churned
695,21808,36,1.25,United Kingdom,72,Female,VIP,Referral,Kitchen,Utensils,no,Cash,6,churned
696,20668,24,0.12,United Kingdom,35,Female,New,Referral,Kitchen,Appliances,no,Bank Transfer,3,active
697,35969,48,0.38,United Kingdom,36,Female,VIP,Referral,Stationery,Art,no,Bank Transfer,9,churned
698,47566B,5,4.65,United Kingdom,20,Female,New,Email,Home Decor,Frames,no,Cash,8,churned
699,82486,2,7.95,United Kingdom,60,Female,VIP,Ads,Home Decor,Decor,no,Credit Card,7,churned
700,21351,16,1.95,United Kingdom,70,Male,VIP,Referral,Kitchen,Storage,yes,Credit Card,8,active
701,22049,25,0.19,United Kingdom,67,Male,Regular,Email,Home Decor,Lights,no,Cash,3,churned
702,21216,4,4.95,United Kingdom,74,Female,VIP,Organic,Kitchen,Appliances,no,Bank Transfer,3,active
703,22203,4,3.75,United Kingdom,29,Female,VIP,Ads,Stationery,Books,no,Cash,5,active
704,22139,3,4.95,United Kingdom,32,Male,New,Email,Toys,Outdoor,no,Bank Transfer,7,active
705,72800F,1,2.55,United Kingdom,77,Female,New,Referral,Clothing,Kids,no,Credit Card,5,active
706,22156,18,0.85,United Kingdom,60,Male,New,Organic,Toys,Kids,no,PayPal,9,churned
707,85045,6,4.95,United Kingdom,58,Male,New,Email,Clothing,Kids,no,Credit Card,4,active
708,21497,25,0.42,United Kingdom,79,Female,Regular,Organic,Toys,Outdoor,no,Cash,3,active
709,79331,6,1.65,United Kingdom,30,Female,New,Referral,Home Decor,Decor,no,Cash,2,churned
710,22300,1,2.55,United Kingdom,39,Male,New,Referral,Clothing,Kids,no,Credit Card,1,churned
711,22599,12,0.85,United Kingdom,67,Female,VIP,Organic,Toys,Puzzles,no,PayPal,5,active
712,21817,12,0.85,United Kingdom,48,Male,VIP,Organic,Clothing,Kids,no,Credit Card,9,churned
713,22336,12,0.65,United Kingdom,38,Female,VIP,Ads,Stationery,Pens,no,Credit Card,7,churned
714,22694,1,2.1,United Kingdom,37,Female,Regular,Organic,Electronics,Gadgets,no,Bank Transfer,3,active
715,22470,2,2.95,United Kingdom,53,Male,VIP,Email,Stationery,Pens,no,PayPal,7,churned
716,22598,12,0.85,United Kingdom,23,Male,Regular,Ads,Stationery,Books,no,Credit Card,5,churned
717,22694,3,2.1,United Kingdom,49,Male,New,Ads,Clothing,Men,no,Credit Card,7,churned
718,84947,6,1.25,United Kingdom,44,Female,VIP,Referral,Electronics,Accessories,no,PayPal,1,churned
719,21815,12,1.45,United Kingdom,63,Female,New,Email,Electronics,Gadgets,no,Cash,9,churned
720,20668,24,0.12,United Kingdom,73,Male,Regular,Ads,Home Decor,Lights,no,Cash,9,churned
721,21815,12,1.45,United Kingdom,45,Male,New,Referral,Clothing,Kids,no,PayPal,6,churned
722,20956,12,1.25,United Kingdom,74,Male,VIP,Organic,Stationery,Pens,no,Credit Card,3,active
723,35970,6,1.69,United Kingdom,38,Male,VIP,Email,Home Decor,Lights,no,Cash,7,active
724,22158,8,2.95,United Kingdom,28,Male,Regular,Email,Clothing,Kids,no,Bank Transfer,8,churned
725,22415,1,7.95,United Kingdom,54,Male,VIP,Referral,Kitchen,Utensils,no,Credit Card,1,churned
726,22574,12,0.85,United Kingdom,38,Male,VIP,Email,Kitchen,Appliances,no,PayPal,9,churned
727,85049E,12,1.25,United Kingdom,66,Male,Regular,Ads,Kitchen,Storage,no,Bank Transfer,1,churned
728,22130,12,0.85,United Kingdom,34,Male,Regular,Email,Clothing,Women,no,Bank Transfer,6,active
729,22734,6,2.55,United Kingdom,39,Female,VIP,Organic,Toys,Kids,no,Bank Transfer,5,churned
730,85049A,12,1.25,United Kingdom,39,Female,VIP,Organic,Stationery,Books,no,Cash,6,churned
731,22600,12,0.85,United Kingdom,21,Female,VIP,Referral,Toys,Puzzles,yes,Cash,6,churned
732,22602,12,0.85,United Kingdom,39,Female,New,Email,Stationery,Books,yes,PayPal,3,active
733,22603,12,0.85,United Kingdom,48,Male,New,Ads,Toys,Outdoor,no,PayPal,8,active
734,22785,2,6.75,United Kingdom,51,Female,Regular,Organic,Toys,Puzzles,no,Credit Card,1,churned
735,84510C,10,1.25,United Kingdom,77,Male,VIP,Ads,Kitchen,Storage,no,Bank Transfer,7,churned
736,84951A,6,2.55,United Kingdom,66,Male,New,Organic,Clothing,Women,no,Cash,1,active
737,84612B,6,2.55,United Kingdom,70,Female,VIP,Organic,Clothing,Men,no,Bank Transfer,8,churned
738,84510A,10,1.25,United Kingdom,18,Male,VIP,Organic,Stationery,Art,no,Bank Transfer,8,churned
739,84509A,4,3.75,United Kingdom,26,Female,New,Ads,Home Decor,Frames,yes,Credit Card,3,active
740,84509C,4,3.75,United Kingdom,19,Male,VIP,Organic,Electronics,Accessories,yes,Cash,1,churned
741,21790,48,0.85,United Kingdom,44,Female,Regular,Ads,Clothing,Kids,no,Credit Card,9,active
742,21704,48,0.85,United Kingdom,58,Male,Regular,Ads,Kitchen,Utensils,no,Bank Transfer,7,active
743,21791,48,1.25,United Kingdom,75,Female,New,Referral,Electronics,Gadgets,no,Bank Transfer,5,churned
744,21889,48,1.25,United Kingdom,28,Male,Regular,Organic,Toys,Outdoor,no,Credit Card,4,churned
745,21891,60,1.25,United Kingdom,60,Female,VIP,Organic,Stationery,Books,no,Cash,1,churned
746,21892,60,1.25,United Kingdom,74,Male,New,Ads,Home Decor,Decor,no,Bank Transfer,4,active
747,21914,48,1.25,United Kingdom,74,Male,New,Referral,Stationery,Books,no,Credit Card,4,churned
748,22561,48,1.65,United Kingdom,46,Male,VIP,Ads,Clothing,Kids,no,Credit Card,5,churned
749,22620,36,1.25,United Kingdom,34,Female,VIP,Referral,Kitchen,Appliances,no,Credit Card,1,churned
750,22489,72,0.42,United Kingdom,63,Male,VIP,Email,Home_Decor,Frames,no,Cash,4,churned
751,22492,72,0.65,United Kingdom,78,Male,Regular,Referral,Clothing,Men,no,PayPal,9,churned
752,22577,12,0.85,United Kingdom,46,Female,New,Organic,Toys,Puzzles,no,Bank Transfer,5,active
753,22578,12,0.85,United Kingdom,45,Male,VIP,Organic,Clothing,Women,no,Cash,8,churned
754,22579,12,0.85,United Kingdom,70,Male,VIP,Ads,Home_Decor,Frames,no,Bank Transfer,6,churned
755,22595,12,0.85,United Kingdom,57,Male,Regular,Email,Home_Decor,Frames,no,Bank Transfer,2,churned
756,22593,12,0.85,United Kingdom,62,Female,New,Referral,Kitchen,Utensils,yes,Credit Card,3,active
757,22594,12,0.85,United Kingdom,70,Male,VIP,Email,Clothing,Men,no,PayPal,9,churned
758,22573,12,0.85,United Kingdom,20,Male,Regular,Referral,Stationery,Books,no,PayPal,3,churned
759,22946,2,16.95,United Kingdom,64,Male,VIP,Organic,Toys,Kids,no,Bank Transfer,7,churned
760,22940,4,4.25,United Kingdom,18,Male,VIP,Referral,Kitchen,Storage,no,Credit Card,4,active
761,84347,6,2.55,United Kingdom,77,Male,New,Ads,Clothing,Men,no,Cash,3,churned
762,21790,12,0.85,United Kingdom,65,Female,Regular,Referral,Clothing,Kids,no,Bank Transfer,3,active
763,21888,4,3.75,United Kingdom,47,Male,Regular,Organic,Toys,Puzzles,no,Credit Card,7,churned
764,21704,12,0.85,United Kingdom,47,Female,Regular,Referral,Kitchen,Utensils,no,Cash,5,churned
765,21912,4,3.75,United Kingdom,59,Female,Regular,Ads,Electronics,Gadgets,no,Bank Transfer,9,active
766,22548,12,1.25,United Kingdom,52,Female,VIP,Email,Stationery,Books,no,Credit Card,4,active
767,20685,2,7.95,United Kingdom,23,Female,New,Ads,Home_Decor,Frames,no,Credit Card,3,churned
768,22457,6,2.95,United Kingdom,35,Female,New,Referral,Kitchen,Storage,no,Credit Card,7,churned
769,22618,2,9.95,United Kingdom,71,Male,Regular,Organic,Clothing,Men,no,Credit Card,9,churned
770,22617,3,4.95,United Kingdom,74,Female,VIP,Organic,Stationery,Books,no,Credit Card,5,active
771,20676,16,1.25,United Kingdom,48,Female,Regular,Ads,Kitchen,Storage,no,Bank Transfer,1,churned
772,21584,20,1.65,United Kingdom,52,Female,VIP,Referral,Home_Decor,Lights,no,Cash,9,active
773,10133,10,0.85,United Kingdom,44,Female,New,Referral,Kitchen,Utensils,no,Bank Transfer,9,active
774,22624,2,8.5,United Kingdom,78,Female,VIP,Organic,Electronics,Gadgets,no,Cash,7,active
775,21485,3,4.95,United Kingdom,52,Male,VIP,Referral,Electronics,Accessories,yes,Cash,2,churned
776,22083,6,2.95,United Kingdom,56,Female,Regular,Email,Home_Decor,Lights,no,Cash,7,churned
777,11001,16,1.69,United Kingdom,72,Male,VIP,Email,Electronics,Gadgets,no,PayPal,6,churned
778,21143,7,1.95,United Kingdom,44,Male,Regular,Ads,Clothing,Men,no,Cash,3,churned
779,22588,4,2.55,United Kingdom,45,Male,Regular,Referral,Electronics,Accessories,no,PayPal,2,active
780,21584,6,1.65,United Kingdom,58,Male,VIP,Email,Electronics,Gadgets,no,Bank Transfer,2,churned
781,21592,3,1.25,United Kingdom,60,Female,Regular,Referral,Home_Decor,Frames,no,Credit Card,1,active
782,22759,6,1.65,United Kingdom,57,Female,New,Ads,Home_Decor,Decor,no,Bank Transfer,5,churned
783,22189,4,3.95,United Kingdom,30,Female,New,Referral,Electronics,Accessories,no,Credit Card,1,churned
784,21098,5,1.25,United Kingdom,78,Male,VIP,Ads,Clothing,Kids,no,Cash,3,churned
785,22952,3,0.55,United Kingdom,41,Male,Regular,Referral,Kitchen,Utensils,no,PayPal,6,churned
786,21479,1,3.75,United Kingdom,74,Female,Regular,Organic,Home_Decor,Decor,yes,Bank Transfer,7,active
787,22941,1,8.5,United Kingdom,63,Male,New,Referral,Electronics,Gadgets,no,PayPal,7,active
788,22943,1,4.95,United Kingdom,55,Female,VIP,Ads,Kitchen,Utensils,no,Credit Card,3,churned
789,21591,2,1.25,United Kingdom,70,Female,VIP,Referral,Electronics,Cables,no,PayPal,9,active
790,84946,6,1.25,United Kingdom,29,Male,Regular,Ads,Kitchen,Storage,no,PayPal,5,active
791,22807,2,2.95,United Kingdom,78,Female,New,Ads,Home_Decor,Frames,no,Bank Transfer,1,churned
792,22766,2,2.95,United Kingdom,55,Female,New,Email,Kitchen,Utensils,no,Cash,2,active
793,84997A,4,3.75,United Kingdom,79,Male,VIP,Organic,Stationery,Art,no,PayPal,4,churned
794,84997C,2,3.75,United Kingdom,74,Male,New,Organic,Toys,Kids,no,Bank Transfer,8,churned
795,84997D,2,3.75,United Kingdom,57,Male,New,Referral,Kitchen,Storage,yes,Bank Transfer,7,churned
796,84944,1,4.25,United Kingdom,60,Female,Regular,Email,Clothing,Kids,no,Cash,3,churned
797,22904,1,2.95,United Kingdom,45,Female,VIP,Email,Home_Decor,Lights,no,PayPal,1,active
798,22328,1,2.95,United Kingdom,18,Male,VIP,Ads,Clothing,Kids,no,Cash,8,active
799,22744,1,2.95,United Kingdom,63,Female,New,Email,Stationery,Art,yes,PayPal,1,churned
800,22726,1,3.75,United Kingdom,30,Female,Regular,Referral,Stationery,Art,no,Cash,2,active
801,22728,1,3.75,United Kingdom,28,Male,New,Email,Toys,Kids,no,PayPal,3,churned
802,20712,1,1.95,United Kingdom,63,Male,New,Ads,Stationery,Art,no,Cash,6,churned
803,21929,2,1.95,United Kingdom,55,Male,New,Ads,Clothing,Kids,no,Cash,4,churned
804,85099F,2,1.95,United Kingdom,20,Female,New,Ads,Clothing,Women,no,PayPal,4,churned
805,21928,2,1.95,United Kingdom,45,Female,VIP,Ads,Toys,Kids,no,Bank Transfer,8,active
806,82494L,3,2.95,United Kingdom,27,Male,VIP,Ads,Stationery,Pens,no,Credit Card,6,churned
807,82482,4,2.55,United Kingdom,37,Male,New,Organic,Home_Decor,Frames,no,Credit Card,7,churned
808,20726,3,1.65,United Kingdom,38,Female,VIP,Organic,Electronics,Accessories,no,Cash,2,churned
809,72741,9,1.45,United Kingdom,43,Female,Regular,Ads,Electronics,Cables,no,Cash,3,churned
810,20727,2,1.65,United Kingdom,53,Female,Regular,Ads,Home_Decor,Decor,yes,Credit Card,1,churned
811,22662,2,1.65,United Kingdom,22,Male,,Ads,Stationery,Books,no,Credit Card,6,churned
812,22384,2,1.65,United Kingdom,78,Male,,Organic,Clothing,Men,no,Cash,9,active
813,20728,2,1.65,United Kingdom,63,Male,,Ads,Electronics,Accessories,no,Bank Transfer,6,active
814,22382,2,1.65,United Kingdom,58,Female,,Referral,Clothing,Men,no,Bank Transfer,4,churned
815,20725,2,1.65,United Kingdom,21,Female,,Organic,Toys,Kids,no,Cash,6,active
816,85123A,10,2.95,United Kingdom,37,Male,,Ads,Home_Decor,Lights,no,PayPal,5,churned
817,21212,2,0.55,United Kingdom,78,Male,,Referral,Home_Decor,Decor,no,Credit Card,7,active
818,22417,1,0.55,United Kingdom,21,Female,,Ads,Home_Decor,Frames,no,PayPal,6,churned
819,84991,1,0.55,United Kingdom,34,Female,,Ads,Kitchen,Utensils,yes,Credit Card,3,churned
820,21975,2,0.55,United Kingdom,18,Male,,Email,Home_Decor,Lights,no,Bank Transfer,9,active
821,84992,2,0.55,United Kingdom,36,Male,,Referral,Kitchen,Storage,no,Cash,9,churned
822,21213,3,0.55,United Kingdom,53,Female,,Organic,Electronics,Cables,no,Credit Card,7,churned
823,21977,2,0.55,United Kingdom,57,Male,,Ads,Clothing,Women,no,PayPal,9,active
824,21976,3,0.55,United Kingdom,73,Female,,Organic,Home_Decor,Lights,no,Bank Transfer,5,churned
825,22867,2,2.1,United Kingdom,42,Male,,Email,Kitchen,Storage,no,Bank Transfer,1,active
826,22633,3,2.1,United Kingdom,71,Female,,Organic,Kitchen,Utensils,no,Cash,6,churned
827,22834,2,2.1,United Kingdom,54,Female,,Referral,Home Decor,Frames,no,PayPal,6,active
828,22632,3,2.1,United Kingdom,75,Female,,Email,Kitchen,Appliances,no,Credit Card,8,active
829,22866,2,2.1,United Kingdom,67,Female,,Referral,Electronics,Cables,no,Cash,7,active
830,22865,2,2.1,United Kingdom,41,Female,,Email,Home Decor,Lights,no,Credit Card,5,churned
831,21742,2,5.95,United Kingdom,45,Female,,Ads,Home Decor,Frames,no,PayPal,9,churned
832,21239,1,0.85,United Kingdom,62,Female,,Referral,Toys,Kids,no,PayPal,1,active
833,22151,12,0.42,United Kingdom,20,Male,,Email,Kitchen,Storage,no,Credit Card,7,churned
834,22152,2,0.42,United Kingdom,75,Male,,Organic,Home Decor,Frames,no,Cash,3,churned
835,21389,6,0.85,United Kingdom,25,Female,,Referral,Toys,Puzzles,yes,Cash,8,active
836,21385,6,0.85,United Kingdom,69,Female,,Email,Home Decor,Decor,no,PayPal,9,active
837,72008,8,0.42,United Kingdom,60,Male,,Referral,Kitchen,Storage,no,Bank Transfer,6,churned
838,22180,3,9.95,United Kingdom,18,Female,,Email,Home Decor,Decor,no,Credit Card,8,active
839,22865,36,2.1,Germany,67,Female,,Referral,Kitchen,Utensils,no,PayPal,7,churned
840,22301,6,2.55,Germany,21,Female,,Organic,Electronics,Accessories,no,Credit Card,4,churned
841,22632,36,2.1,Germany,66,Male,,Referral,Clothing,Kids,no,Credit Card,9,churned
842,22326,144,2.55,Germany,54,Female,,Organic,Home Decor,Frames,no,PayPal,7,churned
843,84828,12,1.25,Germany,51,Female,,Email,Toys,Puzzles,yes,Bank Transfer,6,churned
844,21481,36,2.55,Germany,28,Male,,Email,Home Decor,Decor,no,Bank Transfer,8,active
845,21731,24,1.65,Germany,75,Female,,Ads,Electronics,Accessories,yes,Bank Transfer,1,churned
846,85226A,12,0.55,Germany,76,Female,,Referral,Clothing,Women,no,PayPal,5,churned
847,22630,24,1.95,Germany,25,Female,,Ads,Kitchen,Utensils,no,Bank Transfer,4,churned
848,POST,6,18,Germany,49,Male,,Email,Stationery,Pens,no,Credit Card,2,churned
849,20685,2,7.95,Switzerland,24,Male,,Referral,Kitchen,Utensils,no,PayPal,7,churned
850,21524,2,7.95,Switzerland,69,Female,,Organic,Toys,Puzzles,no,Bank Transfer,2,active
851,72800B,6,2.55,Switzerland,38,Male,,Organic,Kitchen,Utensils,no,Credit Card,3,churned
852,72800E,6,2.55,Switzerland,25,Male,,Email,Kitchen,Utensils,no,Cash,9,churned
853,72817,12,1.25,Switzerland,53,Female,,Referral,Home Decor,Lights,no,Credit Card,1,active
854,84625A,6,2.95,Switzerland,27,Male,,Referral,Home Decor,Decor,no,Credit Card,3,churned
855,84625D,6,2.95,Switzerland,69,Male,,Organic,Electronics,Cables,no,Credit Card,4,active
856,72802A,6,4.25,Switzerland,65,Female,,Ads,Stationery,Books,no,Bank Transfer,6,active
857,72802B,6,4.25,Switzerland,32,Female,,Email,Toys,Puzzles,no,Cash,7,churned
858,72802C,6,4.25,Switzerland,52,Female,,Ads,Electronics,Gadgets,no,Cash,4,churned
859,85035B,4,4.25,Switzerland,71,Female,,Organic,Stationery,Pens,no,Credit Card,8,active
860,72803A,4,4.25,Switzerland,61,Female,,Organic,Stationery,Pens,yes,Bank Transfer,1,churned
861,85034B,4,4.25,Switzerland,45,Female,,Email,Clothing,Kids,no,Bank Transfer,7,active
862,72807A,4,4.25,Switzerland,27,Male,,Ads,Kitchen,Appliances,no,Cash,2,churned
863,72807C,4,4.25,Switzerland,62,Female,,Referral,Clothing,Kids,no,PayPal,3,churned
864,72807B,4,4.25,Switzerland,25,Male,,Email,Electronics,Gadgets,no,Bank Transfer,6,churned
865,72741,27,1.45,Switzerland,62,Male,,Referral,Electronics,Gadgets,no,Cash,8,active
866,21700,12,0.85,Switzerland,45,Male,,Organic,Electronics,Gadgets,no,Credit Card,9,active
867,22725,4,3.75,Switzerland,71,Male,,Referral,Clothing,Women,no,PayPal,2,churned
868,22726,4,3.75,Switzerland,36,Female,,Organic,Clothing,Men,no,PayPal,8,churned
869,22727,4,3.75,Switzerland,77,Male,,Email,Electronics,Cables,no,Bank Transfer,6,churned
870,22729,4,3.75,Switzerland,25,Male,,Referral,Toys,Outdoor,no,Cash,4,active
871,20961,10,1.25,Switzerland,32,Male,,Email,Stationery,Books,no,Credit Card,7,churned
872,20963,10,1.25,Switzerland,60,Female,,Referral,Stationery,Books,no,Bank Transfer,5,active
873,20966,10,1.25,Switzerland,76,Female,,Ads,Toys,Puzzles,no,Cash,2,active
874,22377,15,2.1,Switzerland,36,Female,,Email,Stationery,Pens,no,PayPal,3,active
875,22379,20,2.1,Switzerland,21,Male,,Organic,Clothing,Men,no,Credit Card,2,churned
876,22378,10,2.1,Switzerland,46,Female,,Organic,Clothing,Kids,no,PayPal,8,churned
877,22380,10,2.1,Switzerland,68,Female,,Ads,Toys,Kids,no,Cash,3,churned
878,22381,10,2.1,Switzerland,42,Female,,Referral,Home Decor,Lights,no,Bank Transfer,9,churned
879,21041,6,2.95,Switzerland,73,Male,,Email,Home Decor,Lights,no,PayPal,9,churned
880,21154,10,1.25,Switzerland,68,Male,,Organic,Home Decor,Decor,no,Cash,7,active
881,47559B,10,1.25,Switzerland,32,Female,,Ads,Electronics,Cables,no,Bank Transfer,4,churned
882,47580,6,2.55,Switzerland,26,Female,,Email,Kitchen,Appliances,yes,Credit Card,9,active
883,21231,12,1.25,Switzerland,19,Male,,Ads,Kitchen,Utensils,yes,Bank Transfer,7,churned
884,21232,12,1.25,Switzerland,48,Male,,Email,Home Decor,Decor,no,Bank Transfer,3,churned
885,21479,4,3.75,Switzerland,28,Female,,Ads,Clothing,Women,no,Cash,8,active
886,21485,3,4.95,Switzerland,60,Female,,Organic,Kitchen,Utensils,no,Cash,3,churned
887,21486,8,3.75,Switzerland,19,Female,,Email,Clothing,Women,no,PayPal,2,active
888,21484,4,3.45,Switzerland,75,Male,,Email,Stationery,Art,no,Cash,7,churned
889,22113,8,3.75,Switzerland,45,Male,,Email,Toys,Kids,no,Credit Card,8,churned
890,22837,8,4.65,Switzerland,75,Female,,Referral,Clothing,Women,no,Bank Transfer,8,churned
891,22835,4,4.65,Switzerland,55,Female,,Referral,Stationery,Books,no,Cash,7,churned
892,84029E,4,3.75,Switzerland,31,Female,,Organic,Kitchen,Appliances,no,Cash,4,active
893,84029G,4,3.75,Switzerland,59,Female,,Ads,Stationery,Art,no,PayPal,6,churned
894,84030E,4,4.25,Switzerland,27,Male,,Referral,Home Decor,Lights,no,Credit Card,9,churned
895,70007,12,1.65,Switzerland,50,Male,,Organic,Home Decor,Frames,no,Credit Card,7,churned
896,70006,12,1.65,Switzerland,41,Female,,Ads,Clothing,Kids,no,Bank Transfer,9,churned
897,22632,12,2.1,Switzerland,25,Male,,Ads,Kitchen,Appliances,no,Cash,3,churned
898,22834,12,2.1,Switzerland,57,Male,,Referral,Kitchen,Utensils,yes,PayPal,8,active
899,22633,12,2.1,Switzerland,52,Female,,Organic,Kitchen,Utensils,no,Bank Transfer,4,churned
900,22867,12,2.1,Switzerland,32,Female,,Email,Home Decor,Lights,no,Credit Card,9,churned
901,22311,18,2.95,Switzerland,30,Male,,Email,Electronics,Accessories,no,Credit Card,5,active
902,22314,12,2.95,Switzerland,69,Male,,Ads,Stationery,Pens,no,Credit Card,9,active
903,22312,6,2.95,Switzerland,27,Female,,Organic,Electronics,Accessories,no,PayPal,7,churned
904,22313,6,2.95,Switzerland,52,Female,,Referral,Toys,Outdoor,yes,Cash,2,active
905,22299,24,1.25,Switzerland,20,Female,,Ads,Clothing,Women,no,Cash,6,churned
906,21064,6,5.95,Switzerland,63,Male,,Organic,Home Decor,Lights,no,Credit Card,1,active
907,22043,12,0.42,Switzerland,49,Female,,Organic,Home Decor,Lights,no,Bank Transfer,7,churned
908,22034,12,0.42,Switzerland,56,Female,,Email,Stationery,Art,no,Credit Card,9,churned
909,22044,12,0.42,Switzerland,66,Male,,Organic,Home Decor,Lights,no,Cash,8,churned
910,22042,12,0.42,Switzerland,75,Female,,Referral,Toys,Outdoor,no,Credit Card,7,churned
911,22816,12,0.42,Switzerland,32,Female,,Ads,Toys,Puzzles,no,PayPal,9,churned
912,22818,12,0.42,Switzerland,21,Male,,Ads,Clothing,Women,no,Credit Card,1,churned
913,85047,6,6.35,Switzerland,69,Female,,Referral,Kitchen,Utensils,yes,PayPal,5,churned
914,84347,6,2.55,Switzerland,57,Male,,Referral,Clothing,Women,no,Bank Transfer,4,churned
915,21494,12,1.25,Switzerland,33,Male,,Referral,Electronics,Cables,no,Cash,1,churned
916,22371,4,4.25,Switzerland,42,Female,,Organic,Home Decor,Frames,no,Bank Transfer,7,active
917,22372,4,4.25,Switzerland,20,Female,,Organic,Stationery,Pens,no,PayPal,6,active
918,POST,6,40,Switzerland,72,Female,,Email,Stationery,Books,no,Cash,2,active
919,POST,1,5.74,United Kingdom,54,Female,,Email,Clothing,Women,no,Cash,1,churned
920,21122,24,1.25,Ireland,58,Male,,Ads,Kitchen,Utensils,no,Cash,3,churned
921,21614,6,2.95,Ireland,20,Male,,Referral,Toys,Kids,no,Cash,3,churned
922,84510A,10,1.25,Ireland,62,Female,,Organic,Stationery,Books,no,PayPal,9,active
923,84969,6,4.25,Ireland,20,Female,,Referral,Toys,Outdoor,no,PayPal,7,churned
924,84968A,4,12.75,Ireland,31,Female,,Email,Toys,Puzzles,no,Credit Card,4,churned
925,84968C,4,12.75,Ireland,43,Female,,Organic,Kitchen,Appliances,no,Cash,8,churned
926,22600,12,0.85,Ireland,61,Female,,Organic,Stationery,Books,no,Bank Transfer,3,churned
927,22603,12,0.85,Ireland,18,Female,,Email,Electronics,Gadgets,no,Bank Transfer,6,active
928,22577,12,0.85,Ireland,53,Male,,Organic,Home Decor,Decor,no,PayPal,8,active
929,22571,12,0.85,Ireland,52,Female,,Email,Clothing,Men,no,Cash,9,churned
930,22576,12,0.85,Ireland,72,Female,,Referral,Clothing,Kids,no,Credit Card,5,active
931,22573,12,0.85,Ireland,43,Male,Regular,Email,Electronics,Gadgets,yes,PayPal,7,active
932,22339,24,0.65,Ireland,45,Female,VIP,Email,Kitchen,Appliances,no,Credit Card,8,active
933,22338,24,0.65,Ireland,71,Male,Regular,Ads,Home Decor,Frames,no,PayPal,4,churned
934,22296,24,1.65,Ireland,59,Male,Regular,Referral,Clothing,Women,no,Cash,8,churned
935,22075,12,1.65,Ireland,55,Female,Regular,Email,Toys,Kids,no,Bank Transfer,9,active
936,22077,12,1.65,Ireland,68,Female,Regular,Email,Kitchen,Utensils,yes,PayPal,6,churned
937,22733,18,1.25,Ireland,49,Female,New,Referral,Clothing,Kids,no,Credit Card,3,churned
938,22952,24,0.55,Ireland,22,Female,VIP,Email,Electronics,Gadgets,no,Cash,9,churned
939,84947,24,1.25,Ireland,25,Male,New,Ads,Home Decor,Decor,no,PayPal,1,churned
940,84946,24,1.25,Ireland,49,Male,New,Email,Home Decor,Decor,no,Credit Card,2,churned
941,21360,6,9.95,Ireland,46,Female,Regular,Email,Clothing,Women,no,Bank Transfer,2,active
942,22118,3,4.95,Ireland,54,Female,Regular,Referral,Home Decor,Frames,no,Credit Card,1,active
943,22121,6,5.95,Ireland,71,Male,Regular,Email,Electronics,Cables,no,Cash,7,churned
944,21098,24,1.25,Ireland,51,Female,Regular,Email,Clothing,Kids,no,Cash,5,churned
945,22187,4,4.25,Ireland,70,Female,New,Referral,Home Decor,Frames,no,Cash,2,active
946,22186,6,2.95,Ireland,30,Female,VIP,Organic,Stationery,Pens,no,Bank Transfer,1,active
947,21491,24,1.95,Ireland,70,Female,Regular,Ads,Kitchen,Storage,no,PayPal,2,active
948,82482,6,2.55,Ireland,32,Female,New,Ads,Electronics,Gadgets,no,Bank Transfer,6,churned
949,22169,2,8.5,Ireland,48,Female,New,Ads,Clothing,Men,no,Cash,9,churned
950,82484,6,6.45,Ireland,38,Male,New,Organic,Kitchen,Utensils,yes,PayPal,3,active
951,21363,3,4.95,Ireland,55,Male,Regular,Ads,Home Decor,Lights,no,PayPal,9,churned
952,21166,12,1.95,Ireland,39,Male,New,Referral,Kitchen,Utensils,no,Cash,5,churned
953,84709B,6,5.95,Ireland,44,Male,Regular,Organic,Kitchen,Storage,yes,Cash,2,churned
954,84378,12,1.25,Ireland,31,Male,Regular,Organic,Clothing,Men,no,Cash,9,churned
955,21215,24,0.55,Ireland,78,Female,New,Referral,Clothing,Women,no,Cash,6,churned
956,84520B,12,0.85,Ireland,43,Female,Regular,Organic,Stationery,Books,no,PayPal,9,churned
957,85031B,3,4.95,Ireland,40,Male,Regular,Referral,Stationery,Art,yes,Bank Transfer,4,active
958,84600,2,7.95,Ireland,35,Female,VIP,Referral,Toys,Kids,no,Bank Transfer,6,churned
959,22742,6,2.95,Ireland,26,Female,Regular,Referral,Home Decor,Lights,no,PayPal,9,churned
960,85068,6,6.95,Ireland,75,Female,Regular,Organic,Electronics,Accessories,no,PayPal,5,churned
961,84839,2,6.75,Ireland,54,Male,VIP,Organic,Electronics,Cables,no,Cash,5,churned
962,85064,4,5.45,Ireland,56,Female,New,Ads,Kitchen,Utensils,no,Cash,3,active
963,20878,12,1.25,Ireland,67,Male,Regular,Organic,Toys,Kids,no,PayPal,4,churned
964,20871,6,2.1,Ireland,63,Male,VIP,Organic,Kitchen,Appliances,no,Credit Card,6,churned
965,21155,1,2.1,United Kingdom,43,Female,VIP,Ads,Home Decor,Frames,no,PayPal,5,churned
966,22055,1,1.65,United Kingdom,62,Female,VIP,Organic,Clothing,Kids,no,Credit Card,9,churned
967,22422,1,0.65,United Kingdom,25,Male,Regular,Referral,Toys,Puzzles,no,Credit Card,4,active
968,20780,1,5.49,United Kingdom,60,Female,New,Ads,Home Decor,Decor,no,Bank Transfer,5,churned
969,21588,1,2.55,United Kingdom,48,Female,New,Email,Toys,Puzzles,no,Credit Card,6,churned
970,21868,2,1.25,United Kingdom,58,Male,VIP,Organic,Clothing,Men,no,Bank Transfer,5,active
971,21291,48,0.85,United Kingdom,54,Female,Regular,Email,Stationery,Books,no,Cash,8,active
972,21292,48,0.64,United Kingdom,48,Male,New,Organic,Toys,Outdoor,no,Credit Card,4,active
973,21348,24,2.55,United Kingdom,35,Female,New,Referral,Toys,Kids,no,Bank Transfer,3,churned
974,21098,72,1.06,United Arab Emirates,31,Male,Regular,Organic,Home Decor,Frames,no,Cash,3,active
975,21156,8,1.95,United Kingdom,28,Female,VIP,Organic,Electronics,Cables,no,PayPal,4,churned
976,22898,8,1.95,United Kingdom,21,Male,Regular,Ads,Electronics,Gadgets,no,Bank Transfer,2,churned
977,21041,6,2.95,United Kingdom,34,Male,VIP,Ads,Home Decor,Frames,no,Cash,3,active
978,22952,24,0.55,United Kingdom,25,Male,New,Ads,Stationery,Books,no,PayPal,4,churned
979,47567B,3,5.95,United Kingdom,70,Female,Regular,Ads,Home Decor,Frames,no,Credit Card,7,churned
980,22367,8,1.95,United Kingdom,41,Male,Regular,Email,Clothing,Kids,no,Bank Transfer,2,churned
981,47591D,8,1.95,United Kingdom,73,Female,VIP,Email,Stationery,Art,no,PayPal,2,active
982,21108,9,2.55,United Kingdom,58,Male,VIP,Ads,Clothing,Kids,no,PayPal,7,churned
983,20914,6,2.95,United Kingdom,41,Male,Regular,Email,Home Decor,Frames,no,Bank Transfer,7,churned
984,22184,8,3.95,United Kingdom,39,Female,VIP,Ads,Clothing,Men,no,PayPal,1,churned
985,21843,3,10.95,United Kingdom,69,Female,VIP,Referral,Kitchen,Storage,no,Bank Transfer,3,active
986,48129,2,7.95,United Kingdom,57,Male,New,Ads,Electronics,Cables,no,PayPal,7,churned
987,21212,24,0.55,United Kingdom,18,Male,VIP,Ads,Home Decor,Lights,no,PayPal,1,churned
988,21215,24,0.55,United Kingdom,36,Male,New,Ads,Clothing,Men,no,Cash,8,active
989,21975,24,0.55,United Kingdom,54,Female,New,Organic,Electronics,Accessories,no,Credit Card,5,active
990,21977,24,0.55,United Kingdom,74,Female,New,Organic,Kitchen,Utensils,no,Cash,5,active
991,22423,3,12.75,United Kingdom,39,Female,Regular,Ads,Kitchen,Appliances,no,PayPal,2,active
992,22939,4,4.95,United Kingdom,60,Male,VIP,Referral,Clothing,Kids,no,Credit Card,9,churned
993,21042,3,5.95,United Kingdom,60,Female,New,Email,Electronics,Gadgets,no,PayPal,1,active
994,20950,24,0.42,United Kingdom,68,Male,VIP,Ads,Clothing,Men,yes,Cash,8,active
995,22809,6,2.95,United Kingdom,24,Male,New,Referral,Stationery,Pens,no,Bank Transfer,2,churned
996,22810,6,2.95,United Kingdom,42,Male,New,Organic,Kitchen,Storage,no,Credit Card,6,churned
997,22065,12,1.45,United Kingdom,36,Male,Regular,Organic,Clothing,Kids,no,Cash,3,active
998,22155,48,0.42,United Kingdom,63,Female,Regular,Ads,Home Decor,Decor,no,Credit Card,5,churned
999,22154,48,0.42,United Kingdom,56,Male,New,Ads,Clothing,Kids,no,PayPal,5,active
1000,72800E,12,0.85,United Kingdom,40,Male,New,Referral,Home Decor,Decor,no,Cash,3,churned
1001,22423,2,12.75,United Kingdom,77,Male,VIP,Email,Stationery,Books,no,Cash,5,churned
1002,21232,12,1.25,United Kingdom,60,Male,VIP,Referral,Toys,Puzzles,no,Bank Transfer,7,active
1003,21231,12,1.25,United Kingdom,79,Female,Regular,Ads,Toys,Puzzles,yes,Cash,7,churned
1004,22066,12,1.45,United Kingdom,38,Male,New,Ads,Stationery,Art,no,Bank Transfer,5,churned
1005,22381,5,2.1,United Kingdom,73,Female,VIP,Organic,Home Decor,Frames,no,PayPal,7,active
1006,21930,10,1.95,United Kingdom,62,Female,VIP,Organic,Kitchen,Appliances,no,PayPal,9,churned
1007,21704,12,0.85,United Kingdom,29,Male,Regular,Email,Kitchen,Utensils,no,Bank Transfer,8,active
1008,21849,96,1.25,United Kingdom,58,Male,New,Organic,Clothing,Women,no,Cash,8,churned
1009,22789,8,1.95,United Kingdom,18,Female,Regular,Organic,Electronics,Gadgets,no,Credit Card,5,churned
1010,22791,24,1.25,United Kingdom,48,Female,New,Email,Toys,Puzzles,yes,PayPal,5,churned
1011,22792,12,0.85,United Kingdom,75,Male,Regular,Organic,Clothing,Men,no,Cash,9,churned
1012,22800,4,3.75,United Kingdom,46,Male,Regular,Ads,Stationery,Pens,no,Cash,2,churned
1013,22798,8,2.95,United Kingdom,37,Female,Regular,Referral,Toys,Puzzles,yes,PayPal,4,churned
1014,22801,4,3.75,United Kingdom,79,Female,Regular,Email,Electronics,Gadgets,no,PayPal,9,churned
1015,22178,24,1.25,United Kingdom,44,Male,VIP,Referral,Home Decor,Lights,yes,Cash,4,churned
1016,84949,12,1.65,United Kingdom,31,Male,Regular,Ads,Home Decor,Lights,no,Credit Card,7,churned
1017,21820,6,3.75,United Kingdom,35,Female,Regular,Email,Toys,Puzzles,yes,Cash,4,active
1018,21821,6,3.75,United Kingdom,29,Female,New,Organic,Kitchen,Utensils,no,Bank Transfer,4,active
1019,22156,12,0.85,United Kingdom,25,Male,New,Email,Home Decor,Decor,no,PayPal,9,churned
1020,22158,8,2.95,United Kingdom,42,Female,New,Ads,Electronics,Accessories,yes,Credit Card,3,churned
1021,85048,2,7.95,United Kingdom,42,Male,VIP,Organic,Clothing,Women,no,Bank Transfer,6,churned
1022,22296,12,1.65,United Kingdom,73,Male,New,Email,Electronics,Cables,no,Cash,5,churned
1023,22575,8,1.95,United Kingdom,24,Male,VIP,Ads,Electronics,Gadgets,no,Credit Card,3,churned
1024,22456,3,4.95,United Kingdom,31,Female,Regular,Organic,Kitchen,Storage,no,Cash,8,active
1025,21314,8,2.1,United Kingdom,68,Female,VIP,Email,Kitchen,Storage,no,Cash,5,churned
1026,22386,10,1.95,United Kingdom,55,Male,Regular,Email,Home Decor,Decor,no,PayPal,2,active
1027,20972,12,1.25,United Kingdom,79,Male,New,Referral,Toys,Outdoor,no,Cash,4,active
1028,22271,6,2.95,United Kingdom,65,Female,VIP,Referral,Home Decor,Decor,no,Credit Card,9,churned
1029,22624,4,8.5,United Kingdom,55,Female,Regular,Organic,Electronics,Cables,no,Cash,7,churned
1030,22626,4,8.5,United Kingdom,72,Male,Regular,Referral,Clothing,Men,no,Cash,1,churned
1031,22627,2,8.5,United Kingdom,31,Female,New,Referral,Electronics,Accessories,no,Credit Card,2,churned
1032,85049A,12,1.25,United Kingdom,19,Female,VIP,Email,Stationery,Pens,no,Cash,4,active
1033,22086,6,2.95,United Kingdom,72,Female,Regular,Referral,Toys,Outdoor,no,Bank Transfer,3,churned
1034,35400,2,8.95,United Kingdom,63,Male,VIP,Organic,Home Decor,Lights,no,PayPal,9,churned
1035,22145,6,2.1,United Kingdom,59,Female,New,Email,Electronics,Accessories,no,PayPal,1,active
1036,22940,4,4.25,United Kingdom,37,Male,VIP,Email,Electronics,Cables,no,PayPal,5,churned
1037,22164,6,2.95,United Kingdom,60,Female,New,Email,Clothing,Women,no,Credit Card,3,active
1038,22121,3,5.95,United Kingdom,22,Female,Regular,Organic,Clothing,Kids,no,PayPal,1,active
1039,22593,12,0.85,United Kingdom,23,Male,Regular,Organic,Stationery,Art,no,PayPal,2,churned
1040,22594,12,0.85,United Kingdom,42,Female,VIP,Ads,Kitchen,Utensils,no,Cash,5,churned
1041,22595,12,0.85,United Kingdom,52,Male,Regular,Ads,Home Decor,Lights,no,PayPal,5,active
1042,22340,12,1.65,United Kingdom,56,Male,VIP,Organic,Home Decor,Decor,no,Cash,1,active
1043,22156,12,0.85,United Kingdom,78,Female,VIP,Organic,Home Decor,Frames,no,Cash,7,active
1044,22694,6,2.1,United Kingdom,40,Female,Regular,Referral,Home Decor,Frames,no,Bank Transfer,3,churned
1045,22571,12,0.85,United Kingdom,52,Male,New,Referral,Home Decor,Frames,no,PayPal,8,churned
1046,21906,2,6.75,United Kingdom,41,Male,Regular,Referral,Home Decor,Decor,no,Bank Transfer,5,active
1047,22470,6,2.95,United Kingdom,79,Male,VIP,Organic,Home Decor,Frames,no,Bank Transfer,7,churned
1048,22457,6,2.95,United Kingdom,34,Female,New,Referral,Clothing,Men,no,Credit Card,6,active
1049,72741,9,1.45,United Kingdom,39,Male,Regular,Ads,Toys,Outdoor,no,Bank Transfer,4,churned
1050,21181,12,2.1,United Kingdom,29,Male,Regular,Email,Kitchen,Storage,no,PayPal,1,active
1051,22654,3,5.95,United Kingdom,31,Male,Regular,Ads,Home Decor,Lights,no,Bank Transfer,4,churned
1052,20970,4,3.75,United Kingdom,43,Male,New,Referral,Toys,Puzzles,no,Cash,6,churned
1053,22149,6,2.1,United Kingdom,42,Female,VIP,Referral,Clothing,Men,no,Cash,9,churned
1054,21135,8,1.69,Netherlands,21,Male,VIP,Organic,Stationery,Books,no,Cash,5,churned
1055,22944,12,1.25,Netherlands,34,Male,VIP,Organic,Home Decor,Frames,yes,PayPal,6,churned
1056,22158,8,2.95,Netherlands,54,Female,VIP,Organic,Kitchen,Storage,no,Credit Card,1,churned
1057,85123A,12,2.95,Netherlands,29,Female,New,Ads,Electronics,Gadgets,no,Credit Card,2,churned
1058,22082,10,1.65,Netherlands,79,Female,VIP,Referral,Kitchen,Appliances,no,Bank Transfer,7,churned
1059,35961,24,0.85,Netherlands,72,Male,New,Organic,Clothing,Kids,no,PayPal,3,churned
1060,84836,12,1.25,Netherlands,72,Female,VIP,Email,Electronics,Accessories,no,Cash,8,churned
1061,22804,6,2.95,Netherlands,78,Female,Regular,Email,Electronics,Cables,no,Cash,4,active
1062,POST,1,15,Netherlands,65,Female,Regular,Ads,Clothing,Men,no,Credit Card,8,churned
1063,21123,1,1.25,United Kingdom,47,Male,Regular,Organic,Electronics,Gadgets,no,PayPal,4,active
1064,22911,1,2.95,United Kingdom,30,Male,VIP,Email,Stationery,Art,yes,Bank Transfer,5,churned
1065,21430,1,3.75,United Kingdom,55,Male,VIP,Organic,Stationery,Art,no,Cash,7,active
1066,22633,1,2.1,United Kingdom,60,Male,New,Email,Home Decor,Lights,no,PayPal,5,churned
1067,22834,1,2.1,United Kingdom,18,Male,VIP,Referral,Stationery,Pens,no,Credit Card,7,active
1068,22866,2,2.1,United Kingdom,33,Male,VIP,Referral,Clothing,Kids,no,Cash,5,churned
1069,22094,1,1.25,United Kingdom,59,Male,VIP,Referral,Toys,Kids,no,Cash,2,churned
1070,22502,1,5.95,United Kingdom,49,Male,Regular,Organic,Kitchen,Utensils,no,Credit Card,4,active
1071,21865,1,2.1,United Kingdom,46,Male,Regular,Ads,Clothing,Women,yes,PayPal,3,churned
1072,21867,1,1.25,United Kingdom,53,Male,Regular,Email,Electronics,Accessories,no,Cash,7,active
1073,22940,10,4.25,United Kingdom,55,Male,Regular,Referral,Home Decor,Decor,no,Credit Card,4,active
1074,84380,5,1.25,United Kingdom,23,Male,Regular,Organic,Stationery,Books,no,Cash,5,active
1075,20978,5,1.25,United Kingdom,19,Male,VIP,Email,Toys,Puzzles,no,Credit Card,6,churned
1076,22837,4,4.65,United Kingdom,71,Male,Regular,Organic,Toys,Kids,no,Credit Card,7,churned
1077,84029G,3,3.75,United Kingdom,48,Female,New,Email,Electronics,Accessories,no,Cash,6,active
1078,84997D,2,3.75,United Kingdom,71,Female,VIP,Organic,Clothing,Women,yes,Credit Card,1,active
1079,84997A,2,3.75,United Kingdom,51,Female,VIP,Email,Stationery,Pens,no,Credit Card,3,active
1080,84997B,2,3.75,United Kingdom,55,Male,New,Ads,Kitchen,Appliances,no,Cash,3,churned
1081,84997C,2,3.75,United Kingdom,52,Male,Regular,Email,Clothing,Men,no,Bank Transfer,1,churned
1082,20860,5,2.1,United Kingdom,41,Male,New,Referral,Stationery,Pens,no,Cash,4,churned
1083,22753,12,0.85,United Kingdom,28,Female,New,Organic,Home Decor,Decor,no,Bank Transfer,9,churned
1084,22754,12,0.85,United Kingdom,53,Male,Regular,Organic,Kitchen,Utensils,no,PayPal,4,active
1085,21429,16,1.65,United Kingdom,44,Female,New,Ads,Kitchen,Utensils,no,Credit Card,5,active
1086,21731,7,1.65,United Kingdom,59,Male,New,Organic,Home Decor,Lights,no,Cash,7,churned
1087,22505,3,4.95,United Kingdom,34,Male,New,Email,Clothing,Kids,no,Cash,2,churned
1088,20972,4,1.25,United Kingdom,62,Female,VIP,Organic,Electronics,Accessories,no,Credit Card,4,churned
1089,22176,1,2.95,United Kingdom,44,Male,Regular,Organic,Clothing,Kids,no,Credit Card,6,churned
1090,22175,2,2.95,United Kingdom,59,Male,New,Ads,Clothing,Kids,no,Credit Card,6,churned
1091,20970,1,3.75,United Kingdom,19,Male,New,Referral,Electronics,Gadgets,no,PayPal,1,churned
1092,20969,1,3.75,United Kingdom,32,Female,Regular,Referral,Stationery,Pens,no,Bank Transfer,6,active
1093,22749,3,3.75,United Kingdom,39,Male,New,Referral,Electronics,Gadgets,no,Credit Card,2,churned
1094,22750,2,3.75,United Kingdom,40,Female,Regular,Organic,Toys,Outdoor,no,PayPal,7,active
1095,21974,12,1.45,United Kingdom,39,Male,Regular,Email,Home Decor,Decor,no,Bank Transfer,9,active
1096,21210,12,1.45,United Kingdom,30,Male,New,Referral,Toys,Kids,no,Credit Card,9,churned
1097,22709,25,0.42,United Kingdom,42,Female,VIP,Ads,Kitchen,Storage,no,Cash,5,churned
1098,22112,12,4.95,United Kingdom,19,Female,New,Referral,Clothing,Kids,no,Cash,9,churned
1099,22835,12,4.65,United Kingdom,57,Female,Regular,Ads,Home Decor,Lights,no,Cash,7,active
1100,21488,24,3.45,United Kingdom,52,Male,New,Referral,Stationery,Art,no,Credit Card,9,active
1101,22941,6,8.5,United Kingdom,29,Male,New,Referral,Clothing,Men,yes,Bank Transfer,4,churned
1102,22942,6,8.5,United Kingdom,45,Female,VIP,Email,Toys,Outdoor,no,Credit Card,4,churned
1103,22959,25,0.42,United Kingdom,43,Female,Regular,Email,Kitchen,Appliances,no,Bank Transfer,2,active
1104,22910,24,2.95,United Kingdom,67,Male,,Ads,Electronics,Cables,no,Cash,7,active
1105,22733,20,1.25,United Kingdom,68,Male,,Referral,Stationery,Books,no,Bank Transfer,5,churned
1106,22732,20,1.25,United Kingdom,58,Male,,Organic,Stationery,Pens,no,PayPal,8,churned
1107,22734,12,2.55,United Kingdom,59,Female,,Ads,Toys,Kids,no,Bank Transfer,8,active
1108,22812,24,1.95,United Kingdom,23,Male,,Referral,Toys,Kids,yes,Cash,9,churned
1109,22086,40,2.55,United Kingdom,20,Male,,Email,Home Decor,Lights,no,Bank Transfer,8,churned
1110,22729,4,3.75,United Kingdom,71,Male,,Ads,Toys,Outdoor,no,Cash,2,churned
1111,22726,4,3.75,United Kingdom,19,Male,,Email,Home Decor,Frames,no,Credit Card,4,churned
1112,22727,4,3.75,United Kingdom,66,Female,,Referral,Toys,Outdoor,no,Credit Card,3,churned
1113,22192,2,8.5,United Kingdom,66,Female,,Email,Clothing,Kids,no,Bank Transfer,1,active
1114,22191,2,8.5,United Kingdom,24,Male,,Ads,Home Decor,Decor,no,Cash,4,active
1115,21584,20,1.65,United Kingdom,35,Female,,Referral,Stationery,Books,no,Credit Card,2,churned
1116,21217,4,9.95,United Kingdom,63,Female,,Organic,Home Decor,Lights,no,Credit Card,1,churned
1117,20914,12,2.95,United Kingdom,67,Female,,Email,Clothing,Kids,no,Cash,5,churned
1118,21232,72,1.06,United Kingdom,77,Male,,Organic,Home Decor,Frames,no,Cash,5,churned
1119,21231,72,1.06,United Kingdom,51,Male,,Referral,Toys,Outdoor,no,PayPal,6,churned
1120,22740,48,0.85,United Kingdom,62,Female,,Ads,Home Decor,Decor,no,PayPal,6,active
1121,22752,24,7.65,United Kingdom,51,Male,,Referral,Clothing,Men,no,PayPal,5,active
1122,22741,48,0.85,United Kingdom,29,Male,,Organic,Home Decor,Frames,no,Credit Card,6,churned
1123,22686,20,1.25,United Kingdom,23,Female,,Referral,Clothing,Women,no,Credit Card,2,churned
1124,22685,20,1.25,United Kingdom,20,Male,,Organic,Kitchen,Utensils,no,Cash,9,active
1125,22684,20,1.25,United Kingdom,42,Female,,Organic,Toys,Puzzles,no,PayPal,9,churned
1126,22683,20,1.25,United Kingdom,20,Female,,Organic,Toys,Kids,no,Bank Transfer,7,active
1127,22682,20,1.25,United Kingdom,73,Female,,Referral,Kitchen,Appliances,no,Cash,9,churned
1128,22681,20,1.25,United Kingdom,58,Female,,Referral,Kitchen,Appliances,no,Cash,7,churned
1129,22680,20,1.25,United Kingdom,73,Female,,Referral,Stationery,Art,no,PayPal,3,churned
1130,22679,20,1.25,United Kingdom,59,Male,,Email,Stationery,Books,no,Credit Card,5,churned
1131,22678,20,1.25,United Kingdom,37,Male,,Organic,Clothing,Women,no,Bank Transfer,8,churned
1132,22677,20,1.25,United Kingdom,43,Female,,Organic,Kitchen,Utensils,no,Credit Card,7,churned
1133,22676,20,1.25,United Kingdom,55,Female,,Organic,Clothing,Women,no,PayPal,1,active
1134,22690,10,6.75,United Kingdom,55,Female,,Email,Clothing,Men,yes,Bank Transfer,7,churned
1135,15036,48,0.75,United Kingdom,58,Female,,Referral,Toys,Outdoor,no,Cash,9,churned
1136,22716,12,0.42,United Kingdom,55,Female,,Email,Clothing,Women,no,PayPal,9,active
1137,22067,12,1.65,United Kingdom,30,Male,,Organic,Home Decor,Frames,no,Cash,2,active
1138,22714,12,0.42,United Kingdom,37,Female,,Referral,Electronics,Gadgets,no,Cash,1,churned
1139,21499,25,0.42,United Kingdom,45,Female,,Ads,Clothing,Kids,no,Cash,1,churned
1140,16161U,25,0.42,United Kingdom,42,Male,,Ads,Toys,Kids,no,PayPal,5,churned
1141,22706,25,0.42,United Kingdom,34,Female,,Email,Toys,Outdoor,no,Credit Card,2,churned
1142,22892,12,1.25,United Kingdom,67,Male,,Organic,Electronics,Cables,no,Bank Transfer,1,active
1143,22704,25,0.42,United Kingdom,18,Male,,Organic,Home Decor,Decor,no,Cash,6,churned
1144,22587,12,0.85,United Kingdom,27,Female,,Organic,Toys,Kids,no,Cash,6,churned
1145,22565,24,0.85,United Kingdom,77,Female,,Ads,Toys,Outdoor,no,Bank Transfer,2,active
1146,20972,12,1.25,United Kingdom,72,Female,,Ads,Toys,Puzzles,no,Cash,6,churned
1147,22149,12,2.1,United Kingdom,26,Female,,Referral,Clothing,Kids,no,Bank Transfer,1,churned
1148,22751,12,3.75,United Kingdom,39,Male,,Organic,Clothing,Women,no,Credit Card,6,active
1149,22750,24,3.75,United Kingdom,67,Male,,Referral,Kitchen,Appliances,no,Cash,9,churned
1150,22749,24,3.75,United Kingdom,76,Male,,Email,Clothing,Kids,yes,PayPal,1,churned
1151,20727,10,1.65,United Kingdom,57,Male,,Organic,Kitchen,Appliances,no,Bank Transfer,1,churned
1152,22492,72,0.65,United Kingdom,76,Male,,Email,Stationery,Art,no,Cash,9,active
1153,21703,24,0.42,United Kingdom,70,Female,,Organic,Clothing,Kids,no,Cash,1,churned
1154,21914,12,1.25,United Kingdom,53,Male,,Organic,Kitchen,Appliances,no,Bank Transfer,1,churned
1155,22561,24,1.65,United Kingdom,69,Male,,Email,Electronics,Cables,no,Bank Transfer,5,churned
1156,22553,24,1.65,United Kingdom,45,Female,,Ads,Clothing,Men,no,Cash,2,active
1157,22616,24,0.29,United Kingdom,71,Male,,Email,Stationery,Pens,yes,Bank Transfer,1,active
1158,84077,96,0.29,United Kingdom,50,Female,,Email,Kitchen,Storage,no,PayPal,3,churned
1159,84670,48,0.42,United Kingdom,38,Male,,Referral,Kitchen,Storage,no,Bank Transfer,8,active
1160,22899,12,2.1,United Kingdom,35,Male,,Referral,Toys,Puzzles,no,Bank Transfer,8,active
1161,21731,24,1.65,United Kingdom,67,Female,,Email,Clothing,Kids,no,Credit Card,6,churned
1162,22551,24,1.65,United Kingdom,57,Male,,Ads,Stationery,Pens,no,Cash,7,active
1163,22418,48,0.85,United Kingdom,74,Female,,Ads,Kitchen,Storage,no,Bank Transfer,3,active
1164,22045,25,0.42,United Kingdom,39,Male,,Referral,Clothing,Women,no,Credit Card,3,churned
1165,22029,12,0.42,United Kingdom,26,Male,,Referral,Stationery,Pens,no,Cash,5,churned
1166,22367,8,1.95,United Kingdom,58,Female,,Referral,Electronics,Cables,no,Bank Transfer,2,churned
1167,22383,10,1.65,United Kingdom,71,Female,,Referral,Electronics,Gadgets,no,Cash,5,churned
1168,22385,10,1.95,United Kingdom,43,Male,,Organic,Toys,Kids,no,Credit Card,2,churned
1169,22466,24,1.95,United Kingdom,66,Male,,Ads,Clothing,Women,yes,PayPal,3,active
1170,48129,2,7.95,United Kingdom,22,Male,,Organic,Kitchen,Storage,no,Cash,1,active
1171,48187,2,7.95,United Kingdom,37,Female,,Organic,Home Decor,Frames,no,Credit Card,8,churned
1172,16014,100,0.42,United Kingdom,78,Male,,Ads,Stationery,Art,no,Credit Card,3,active
1173,22578,48,0.85,United Kingdom,45,Female,,Ads,Kitchen,Utensils,no,Bank Transfer,2,churned
1174,22577,24,0.85,United Kingdom,49,Male,,Organic,Home Decor,Lights,no,Bank Transfer,9,active
1175,35971,48,0.42,United Kingdom,41,Female,,Email,Electronics,Cables,no,Bank Transfer,9,churned
1176,22171,4,8.5,United Kingdom,36,Female,,Referral,Toys,Outdoor,no,Cash,5,churned
1177,82494L,6,2.95,United Kingdom,39,Male,,Email,Kitchen,Utensils,no,Credit Card,9,churned
1178,84341B,72,0.38,United Kingdom,51,Female,,Ads,Stationery,Art,no,PayPal,2,active
1179,21212,24,0.55,United Kingdom,75,Female,,Referral,Toys,Kids,no,PayPal,4,churned
1180,21213,24,0.55,United Kingdom,34,Female,,Ads,Stationery,Pens,no,PayPal,6,churned
1181,22952,24,0.55,United Kingdom,50,Male,,Organic,Clothing,Kids,no,Cash,6,churned
1182,47591D,8,1.95,United Kingdom,37,Male,,Organic,Electronics,Gadgets,yes,Credit Card,9,churned
1183,84991,24,0.55,United Kingdom,20,Female,,Email,Kitchen,Utensils,no,Bank Transfer,1,churned
1184,22485,2,12.75,United Kingdom,39,Female,,Organic,Electronics,Cables,no,Cash,4,active
1185,22065,12,1.45,United Kingdom,31,Female,Regular,Ads,Toys,Kids,no,Credit Card,9,churned
1186,22909,12,0.85,United Kingdom,70,Male,New,Ads,Clothing,Women,no,Credit Card,7,active
1187,35832,12,2.95,United Kingdom,56,Female,New,Email,Clothing,Men,no,Cash,1,active
1188,84270,30,0.21,United Kingdom,21,Male,New,Referral,Stationery,Art,no,PayPal,1,active
1189,21107,6,2.95,United Kingdom,62,Female,VIP,Email,Toys,Puzzles,no,Bank Transfer,4,active
1190,21106,6,2.95,United Kingdom,36,Female,New,Organic,Kitchen,Utensils,no,Cash,1,churned
1191,21108,9,2.55,United Kingdom,38,Male,New,Organic,Toys,Outdoor,no,PayPal,7,active
1192,21181,12,2.1,United Kingdom,63,Female,Regular,Ads,Kitchen,Utensils,no,Bank Transfer,7,churned
1193,21903,12,2.1,United Kingdom,51,Male,VIP,Organic,Stationery,Pens,no,Cash,7,churned
1194,21175,12,2.1,United Kingdom,68,Female,VIP,Ads,Clothing,Men,no,Credit Card,6,churned
1195,21166,12,1.95,United Kingdom,26,Male,New,Referral,Stationery,Pens,no,Cash,4,churned
1196,21231,72,1.06,United Kingdom,26,Female,Regular,Email,Home Decor,Frames,no,Credit Card,1,churned
1197,62018,400,1.25,United Kingdom,39,Male,Regular,Referral,Electronics,Gadgets,no,PayPal,6,churned
1198,84792,1,4.65,United Kingdom,79,Female,Regular,Email,Clothing,Women,no,PayPal,4,churned
1199,84406B,2,3.25,United Kingdom,45,Female,New,Ads,Electronics,Gadgets,no,Cash,3,churned
1200,22212,3,2.1,United Kingdom,20,Female,Regular,Organic,Electronics,Gadgets,no,PayPal,8,churned
1201,21181,3,2.1,United Kingdom,72,Female,VIP,Ads,Toys,Outdoor,no,Credit Card,1,churned
1202,82600,3,2.1,United Kingdom,50,Male,New,Organic,Clothing,Kids,yes,Bank Transfer,7,churned
1203,21165,9,1.69,United Kingdom,41,Female,New,Organic,Stationery,Art,no,PayPal,3,active
1204,21754,5,5.95,United Kingdom,46,Male,VIP,Referral,Toys,Kids,no,PayPal,4,churned
1205,22296,24,1.65,United Kingdom,42,Female,New,Organic,Toys,Puzzles,no,Bank Transfer,3,churned
1206,22797,6,14.95,United Kingdom,45,Female,VIP,Email,Kitchen,Storage,no,Credit Card,3,active
1207,22470,1,2.95,United Kingdom,65,Male,Regular,Referral,Electronics,Gadgets,no,PayPal,7,churned
1208,21425,1,2.95,United Kingdom,24,Female,New,Referral,Electronics,Cables,no,Bank Transfer,8,active
1209,22475,1,4.95,United Kingdom,29,Female,VIP,Ads,Toys,Kids,no,Credit Card,9,churned
1210,84795B,1,7.95,United Kingdom,37,Male,Regular,Email,Toys,Outdoor,yes,Bank Transfer,1,churned
1211,21980,1,0.29,United Kingdom,23,Female,New,Email,Stationery,Books,no,Cash,4,churned
1212,47599B,4,2.1,United Kingdom,50,Male,Regular,Email,Home Decor,Frames,no,Bank Transfer,9,churned
1213,22595,12,0.85,United Kingdom,50,Female,New,Ads,Clothing,Men,no,Credit Card,6,churned
1214,21327,1,1.65,United Kingdom,23,Male,VIP,Referral,Kitchen,Storage,no,PayPal,4,churned
1215,21427,1,2.1,United Kingdom,67,Male,Regular,Organic,Kitchen,Appliances,yes,Bank Transfer,4,churned
1216,22332,1,1.65,United Kingdom,37,Female,VIP,Ads,Toys,Kids,no,Bank Transfer,3,churned
1217,47599A,4,2.1,United Kingdom,62,Male,Regular,Email,Stationery,Art,no,PayPal,6,churned
1218,21524,1,7.95,United Kingdom,72,Male,Regular,Email,Kitchen,Storage,no,PayPal,3,active
1219,21558,1,2.55,United Kingdom,28,Male,Regular,Referral,Stationery,Books,no,Bank Transfer,5,active
1220,22085,1,2.95,United Kingdom,67,Male,VIP,Ads,Home Decor,Frames,no,Bank Transfer,6,active
1221,21724,1,0.85,United Kingdom,59,Male,New,Email,Stationery,Books,no,Bank Transfer,6,active
1222,21224,1,1.25,United Kingdom,20,Male,New,Ads,Stationery,Pens,no,Bank Transfer,8,churned
1223,10123G,1,0.65,United Kingdom,55,Male,Regular,Email,Electronics,Accessories,no,Credit Card,7,active
1224,22493,3,1.65,United Kingdom,38,Female,VIP,Organic,Kitchen,Appliances,yes,Bank Transfer,3,active
1225,21504,12,0.42,United Kingdom,32,Male,VIP,Ads,Clothing,Kids,no,Credit Card,8,churned
1226,22100,1,1.25,United Kingdom,35,Female,Regular,Ads,Kitchen,Utensils,no,Credit Card,7,churned
1227,10125,2,0.85,United Kingdom,52,Female,New,Email,Toys,Outdoor,no,Cash,9,churned
1228,21726,1,0.85,United Kingdom,72,Female,New,Referral,Toys,Kids,no,Bank Transfer,5,churned
1229,21166,1,1.95,United Kingdom,37,Female,New,Referral,Home Decor,Lights,no,Cash,7,churned
1230,82605,1,2.1,United Kingdom,73,Male,Regular,Organic,Home Decor,Frames,yes,Cash,9,churned
1231,21486,1,3.75,United Kingdom,33,Male,Regular,Referral,Toys,Kids,no,Credit Card,1,churned
1232,21986,1,0.29,United Kingdom,69,Female,Regular,Organic,Clothing,Kids,no,PayPal,3,churned
1233,79144B,1,0.42,United Kingdom,22,Female,Regular,Referral,Home Decor,Frames,no,Cash,3,active
1234,21987,1,0.65,United Kingdom,52,Female,VIP,Referral,Stationery,Books,no,Credit Card,3,churned
1235,20974,1,0.65,United Kingdom,69,Female,Regular,Ads,Electronics,Cables,no,Bank Transfer,6,active
1236,21485,1,4.95,United Kingdom,70,Male,New,Referral,Home Decor,Decor,no,Cash,8,churned
1237,22112,1,4.95,United Kingdom,57,Female,Regular,Referral,Toys,Outdoor,no,Credit Card,2,churned
1238,21670,6,1.25,United Kingdom,45,Female,VIP,Ads,Kitchen,Utensils,no,Credit Card,2,active
1239,21989,1,0.85,United Kingdom,27,Male,VIP,Email,Kitchen,Storage,no,PayPal,3,churned
1240,21988,1,0.85,United Kingdom,52,Female,Regular,Ads,Electronics,Cables,no,Bank Transfer,3,churned
1241,21211,1,1.45,United Kingdom,45,Female,VIP,Email,Kitchen,Utensils,no,PayPal,4,churned
1242,22334,4,1.65,United Kingdom,18,Female,Regular,Email,Stationery,Pens,no,Cash,6,active
1243,21291,24,0.85,United Kingdom,66,Female,Regular,Ads,Stationery,Pens,no,Bank Transfer,5,churned
1244,85047,3,6.35,United Kingdom,60,Male,VIP,Ads,Toys,Kids,no,Cash,7,churned
1245,22419,100,0.36,Sweden,72,Male,Regular,Referral,Toys,Puzzles,no,Cash,9,churned
1246,15044A,100,2.55,Sweden,77,Female,VIP,Referral,Stationery,Pens,yes,Cash,5,churned
1247,51014A,288,0.72,Sweden,72,Female,Regular,Ads,Toys,Outdoor,no,Cash,4,churned
1248,15036,600,0.65,Sweden,68,Male,VIP,Email,Home Decor,Lights,no,Bank Transfer,2,active
1249,22111,3,4.95,United Kingdom,70,Male,VIP,Organic,Home Decor,Decor,no,Cash,3,churned
1250,22112,3,4.95,United Kingdom,32,Female,New,Email,Stationery,Art,no,Bank Transfer,2,churned
1251,21787,24,0.85,United Kingdom,37,Male,New,Email,Electronics,Gadgets,no,Credit Card,8,churned
1252,21625,3,6.95,United Kingdom,73,Male,Regular,Referral,Home Decor,Decor,no,Cash,5,churned
1253,21527,2,7.95,United Kingdom,59,Male,Regular,Ads,Stationery,Pens,no,Credit Card,8,churned
1254,22072,4,3.75,United Kingdom,74,Male,New,Referral,Kitchen,Utensils,no,Bank Transfer,9,churned
1255,22071,6,3.75,United Kingdom,58,Male,Regular,Email,Kitchen,Appliances,no,PayPal,1,active
1256,22070,6,3.75,United Kingdom,30,Male,VIP,Ads,Stationery,Books,no,PayPal,7,active
1257,84988,12,1.45,United Kingdom,39,Female,VIP,Ads,Clothing,Men,no,PayPal,3,churned
1258,22457,12,2.95,United Kingdom,43,Male,New,Referral,Toys,Puzzles,no,Credit Card,5,active
1259,84670,10,0.42,United Kingdom,71,Female,Regular,Email,Kitchen,Utensils,no,Cash,4,churned
1260,21918,4,0.42,United Kingdom,74,Male,New,Email,Clothing,Women,no,Credit Card,4,churned
1261,21916,2,0.42,United Kingdom,50,Male,Regular,Email,Stationery,Pens,yes,Credit Card,8,churned
1262,84732D,1,1.65,United Kingdom,40,Female,VIP,Ads,Clothing,Women,yes,Bank Transfer,4,active
1263,20724,1,0.85,United Kingdom,36,Male,New,Organic,Electronics,Accessories,no,Credit Card,5,churned
1264,22900,2,2.95,United Kingdom,34,Female,Regular,Ads,Kitchen,Appliances,no,PayPal,9,active
1265,22895,2,2.95,United Kingdom,67,Female,Regular,Email,Toys,Outdoor,no,Credit Card,8,churned
1266,21719,1,0.85,United Kingdom,60,Female,VIP,Ads,Home Decor,Frames,no,Credit Card,2,churned
1267,21721,1,0.85,United Kingdom,19,Male,New,Email,Home Decor,Lights,no,Bank Transfer,6,churned
1268,22201,1,4.25,United Kingdom,51,Male,VIP,Referral,Electronics,Accessories,yes,Bank Transfer,9,active
1269,22310,6,1.65,United Kingdom,71,Male,VIP,Organic,Kitchen,Appliances,no,PayPal,6,churned
1270,20986,1,1.25,United Kingdom,64,Female,VIP,Email,Toys,Puzzles,no,Cash,2,active
1271,84832,6,0.85,United Kingdom,46,Male,Regular,Organic,Electronics,Cables,no,Credit Card,9,churned
1272,22535,1,0.42,United Kingdom,20,Female,Regular,Email,Clothing,Women,no,Credit Card,3,active
1273,22556,1,1.65,United Kingdom,43,Male,New,Referral,Stationery,Pens,no,Cash,8,active
1274,22536,4,0.42,United Kingdom,68,Female,Regular,Referral,Home Decor,Frames,no,PayPal,4,active
1275,22531,3,0.42,United Kingdom,76,Female,New,Ads,Clothing,Women,no,Bank Transfer,5,active
1276,22537,2,0.42,United Kingdom,65,Female,VIP,Organic,Electronics,Cables,no,Bank Transfer,3,churned
1277,22663,1,1.95,United Kingdom,47,Female,Regular,Ads,Electronics,Accessories,no,PayPal,7,churned
1278,21832,1,1.65,United Kingdom,46,Female,New,Ads,Toys,Kids,no,Bank Transfer,2,churned
1279,22585,8,1.25,United Kingdom,22,Male,New,Ads,Electronics,Cables,no,PayPal,8,churned
1280,22865,2,2.1,United Kingdom,39,Female,New,Ads,Toys,Outdoor,no,PayPal,4,churned
1281,22952,4,0.55,United Kingdom,40,Male,Regular,Referral,Toys,Kids,yes,Credit Card,7,churned
1282,22555,3,1.65,United Kingdom,79,Female,Regular,Referral,Kitchen,Appliances,no,Bank Transfer,6,churned
1283,22557,2,1.65,United Kingdom,48,Female,Regular,Email,Toys,Outdoor,no,PayPal,8,active
1284,22553,2,1.65,United Kingdom,72,Female,New,Organic,Toys,Kids,no,Bank Transfer,9,churned
1285,22049,25,0.19,United Kingdom,18,Male,Regular,Ads,Toys,Puzzles,no,Bank Transfer,2,churned
1286,22847,1,16.95,United Kingdom,34,Male,New,Organic,Stationery,Art,no,Bank Transfer,4,churned
1287,84879,32,1.69,United Kingdom,33,Male,New,Organic,Electronics,Cables,no,Cash,7,churned
1288,22099,36,0.42,United Kingdom,69,Male,New,Organic,Home Decor,Lights,no,Credit Card,6,churned
1289,22619,12,3.75,United Kingdom,31,Female,VIP,Referral,Stationery,Pens,no,PayPal,6,active
1290,22736,10,1.65,United Kingdom,43,Female,New,Organic,Clothing,Men,no,Cash,2,churned
1291,22816,12,0.42,United Kingdom,19,Male,New,Organic,Toys,Kids,yes,Cash,4,churned
1292,16161P,25,0.42,United Kingdom,43,Male,VIP,Organic,Toys,Outdoor,no,Bank Transfer,6,active
1293,22052,25,0.42,United Kingdom,60,Female,New,Email,Stationery,Art,no,Cash,1,active
1294,21191,6,2.1,United Kingdom,54,Male,Regular,Ads,Clothing,Men,no,Bank Transfer,9,churned
1295,21174,12,1.95,United Kingdom,28,Male,VIP,Email,Clothing,Men,no,PayPal,9,active
1296,21172,12,1.45,United Kingdom,75,Female,Regular,Organic,Electronics,Cables,no,Credit Card,4,churned
1297,22418,24,0.85,United Kingdom,21,Female,New,Ads,Clothing,Men,no,Cash,6,active
1298,21916,24,0.42,United Kingdom,40,Female,VIP,Ads,Stationery,Art,yes,Cash,4,active
1299,21829,36,0.21,United Kingdom,77,Female,Regular,Referral,Kitchen,Appliances,no,PayPal,9,active
1300,21452,6,2.95,United Kingdom,19,Female,New,Ads,Kitchen,Appliances,no,PayPal,2,churned
1301,20654,12,1.25,United Kingdom,62,Female,Regular,Email,Home Decor,Decor,no,Bank Transfer,5,churned
1302,22090,6,2.95,United Kingdom,48,Male,VIP,Organic,Clothing,Men,no,Bank Transfer,4,churned
1303,16046,12,0.85,United Kingdom,56,Male,Regular,Ads,Kitchen,Storage,no,Cash,7,active
1304,21707,1,4.95,United Kingdom,39,Male,Regular,Ads,Clothing,Kids,no,Bank Transfer,5,active
1305,85014A,1,5.95,United Kingdom,44,Male,VIP,Organic,Home Decor,Frames,no,Cash,6,active
1306,48184,60,6.75,Ireland,51,Male,Regular,Organic,Electronics,Cables,no,Bank Transfer,5,churned
1307,21523,60,6.75,Ireland,50,Male,VIP,Email,Clothing,Kids,no,Cash,2,churned
1308,47566,96,3.75,Ireland,66,Female,Regular,Referral,Kitchen,Utensils,no,PayPal,2,churned
1309,22758,12,1.25,United Kingdom,24,Female,Regular,Organic,Toys,Kids,yes,Bank Transfer,9,churned
1310,22757,12,1.25,United Kingdom,47,Male,New,Email,Home Decor,Lights,yes,PayPal,2,churned
1311,22755,12,0.85,United Kingdom,40,Female,New,Ads,Kitchen,Storage,no,PayPal,2,churned
1312,22754,12,0.85,United Kingdom,65,Female,Regular,Referral,Home Decor,Frames,no,Credit Card,5,churned
1313,51014L,12,0.85,United Kingdom,23,Male,VIP,Organic,Clothing,Men,no,Credit Card,5,active
1314,51014A,12,0.85,United Kingdom,41,Male,VIP,Email,Home Decor,Lights,no,Bank Transfer,3,active
1315,22610,36,0.85,United Kingdom,67,Female,Regular,Email,Clothing,Men,no,Cash,5,active
1316,22139,6,4.95,United Kingdom,48,Male,Regular,Referral,Stationery,Pens,no,PayPal,3,churned
1317,21830,24,0.42,United Kingdom,77,Male,Regular,Referral,Electronics,Cables,no,Cash,6,active
1318,21833,12,1.69,United Kingdom,36,Female,VIP,Referral,Toys,Outdoor,no,Bank Transfer,9,active
1319,11001,16,1.69,United Kingdom,61,Male,New,Referral,Toys,Kids,no,Credit Card,8,active
1320,22029,12,0.42,United Kingdom,45,Male,Regular,Organic,Stationery,Books,no,Bank Transfer,1,active
1321,22045,25,0.42,United Kingdom,71,Male,New,Ads,Toys,Puzzles,no,PayPal,1,active
1322,22418,24,0.85,United Kingdom,19,Female,New,Organic,Electronics,Accessories,no,Bank Transfer,1,churned
1323,22617,3,4.95,United Kingdom,66,Female,VIP,Email,Electronics,Gadgets,yes,Credit Card,1,active
1324,22551,12,1.65,United Kingdom,24,Female,Regular,Email,Electronics,Gadgets,no,Bank Transfer,3,active
1325,21523,10,6.75,United Kingdom,18,Male,New,Ads,Home Decor,Decor,no,PayPal,7,churned
1326,48187,10,6.75,United Kingdom,47,Female,New,Referral,Home Decor,Decor,no,Credit Card,1,churned
1327,22366,10,6.75,United Kingdom,29,Female,VIP,Ads,Clothing,Kids,no,Bank Transfer,6,active
1328,48194,10,6.75,United Kingdom,19,Female,Regular,Ads,Clothing,Women,no,Bank Transfer,8,active
1329,48138,10,6.75,United Kingdom,77,Male,Regular,Organic,Stationery,Books,no,Bank Transfer,4,active
1330,20685,10,6.75,United Kingdom,50,Female,Regular,Referral,Kitchen,Storage,no,PayPal,5,active
1331,22690,10,6.75,United Kingdom,52,Female,New,Email,Toys,Kids,no,Credit Card,5,active
1332,22617,1,4.95,United Kingdom,27,Male,VIP,Referral,Stationery,Books,no,PayPal,1,churned
1333,85123A,3,2.95,United Kingdom,26,Female,New,Referral,Kitchen,Appliances,no,Cash,7,churned
1334,21733,6,2.95,United Kingdom,40,Female,VIP,Referral,Stationery,Art,no,Credit Card,4,active
1335,22737,5,1.65,United Kingdom,76,Male,New,Referral,Kitchen,Utensils,no,Bank Transfer,3,active
1336,22736,5,1.65,United Kingdom,27,Female,VIP,Organic,Electronics,Gadgets,no,Cash,9,churned
1337,22734,5,2.55,United Kingdom,49,Female,VIP,Email,Home Decor,Frames,no,PayPal,5,churned
1338,22784,2,4.95,United Kingdom,23,Male,Regular,Organic,Kitchen,Appliances,no,Credit Card,2,churned
1339,35970,2,1.69,United Kingdom,33,Male,VIP,Email,Stationery,Books,no,PayPal,3,churned
1340,21822,4,1.95,United Kingdom,25,Female,VIP,Organic,Clothing,Men,no,Bank Transfer,7,churned
1341,22910,4,2.95,United Kingdom,73,Male,New,Email,Electronics,Accessories,no,PayPal,2,churned
1342,22576,3,0.85,United Kingdom,79,Female,New,Email,Electronics,Cables,no,Credit Card,1,active
1343,21730,1,4.95,United Kingdom,23,Female,VIP,Email,Toys,Outdoor,no,Cash,6,churned
1344,22601,6,0.85,United Kingdom,23,Male,New,Ads,Clothing,Women,no,Cash,4,active
1345,22571,5,0.85,United Kingdom,19,Female,VIP,Email,Home Decor,Decor,no,PayPal,8,active
1346,22082,2,1.65,United Kingdom,61,Female,Regular,Ads,Toys,Kids,no,Credit Card,7,active
1347,22077,2,1.65,United Kingdom,39,Male,Regular,Organic,Clothing,Men,no,Credit Card,4,churned
1348,22118,1,4.95,United Kingdom,42,Female,VIP,Ads,Kitchen,Utensils,yes,Bank Transfer,7,churned
1349,84347,7,2.55,United Kingdom,75,Female,New,Organic,Toys,Puzzles,no,Credit Card,8,churned
1350,21034,1,0.95,United Kingdom,62,Female,New,Organic,Stationery,Pens,no,Bank Transfer,1,churned
1351,22789,4,1.95,United Kingdom,49,Male,New,Email,Home Decor,Decor,no,Credit Card,1,active
1352,22862,4,4.25,United Kingdom,60,Female,New,Organic,Stationery,Art,no,Cash,3,churned
1353,22119,1,6.95,United Kingdom,43,Female,VIP,Email,Clothing,Kids,no,Cash,8,active
1354,22121,1,5.95,United Kingdom,57,Female,Regular,Ads,Stationery,Books,no,PayPal,7,active
1355,21314,4,2.1,United Kingdom,70,Female,VIP,Email,Kitchen,Storage,no,Bank Transfer,8,churned
1356,22778,2,3.95,United Kingdom,20,Female,New,Email,Electronics,Cables,no,Cash,6,churned
1357,22909,6,0.85,United Kingdom,34,Female,Regular,Referral,Kitchen,Utensils,yes,Cash,8,churned
1358,22581,6,0.85,United Kingdom,77,Female,New,Referral,Clothing,Men,no,Bank Transfer,8,active
1359,22579,5,0.85,United Kingdom,52,Female,VIP,Organic,Stationery,Books,no,PayPal,6,active
1360,22603,8,0.85,United Kingdom,33,Female,VIP,Referral,Home Decor,Frames,no,Bank Transfer,5,churned
1361,22577,6,0.85,United Kingdom,40,Female,Regular,Organic,Clothing,Men,no,Credit Card,7,churned
1362,35961,4,0.85,United Kingdom,75,Male,New,Referral,Electronics,Accessories,no,Cash,5,active
1363,35958,3,0.85,United Kingdom,31,Male,Regular,Email,Stationery,Pens,no,Credit Card,3,churned
1364,22296,7,1.65,United Kingdom,33,Male,New,Organic,Stationery,Pens,yes,PayPal,4,churned
1365,22297,9,1.25,United Kingdom,50,Male,Regular,Ads,Clothing,Women,no,Credit Card,1,active
1366,21823,6,1.45,United Kingdom,79,Male,New,Ads,Home Decor,Decor,no,Bank Transfer,5,churned
1367,22161,6,0.65,United Kingdom,46,Female,VIP,Referral,Home Decor,Lights,no,Cash,9,churned
1368,21824,6,1.45,United Kingdom,73,Female,New,Ads,Clothing,Men,yes,PayPal,3,churned
1369,21825,6,1.45,United Kingdom,75,Male,VIP,Organic,Toys,Outdoor,no,Credit Card,6,churned
1370,21819,4,0.85,United Kingdom,50,Male,VIP,Referral,Toys,Kids,no,Credit Card,1,churned
1371,21810,1,1.25,United Kingdom,38,Male,Regular,Email,Toys,Kids,no,Bank Transfer,5,churned
1372,21811,8,1.25,United Kingdom,65,Female,New,Email,Stationery,Pens,no,Credit Card,1,active
1373,21810,7,1.25,United Kingdom,63,Male,Regular,Email,Home Decor,Decor,no,PayPal,1,churned
1374,21818,11,0.85,United Kingdom,31,Female,New,Referral,Clothing,Kids,no,Credit Card,9,churned
1375,22495,1,2.95,United Kingdom,40,Male,Regular,Referral,Home Decor,Decor,no,Cash,6,churned
1376,84849D,2,1.69,United Kingdom,64,Female,New,Referral,Stationery,Art,no,Bank Transfer,5,churned
1377,84849B,2,1.69,United Kingdom,69,Male,Regular,Email,Electronics,Cables,no,Cash,2,active
1378,21745,2,3.75,United Kingdom,41,Male,VIP,Email,Home Decor,Lights,no,PayPal,5,active
1379,84509G,2,3.75,United Kingdom,18,Female,VIP,Ads,Home Decor,Decor,no,Bank Transfer,8,active
1380,84509A,2,3.75,United Kingdom,42,Male,New,Email,Stationery,Pens,no,Bank Transfer,3,churned
1381,22837,3,4.65,United Kingdom,55,Male,Regular,Organic,Clothing,Women,yes,Bank Transfer,6,active
1382,21484,1,3.45,United Kingdom,53,Female,Regular,Ads,Clothing,Men,no,Credit Card,4,active
1383,22113,1,3.75,United Kingdom,72,Female,New,Referral,Home Decor,Frames,no,PayPal,5,churned
1384,22835,1,4.65,United Kingdom,34,Female,Regular,Organic,Stationery,Art,no,Credit Card,9,churned
1385,22113,3,3.75,United Kingdom,31,Female,VIP,Organic,Stationery,Books,no,Credit Card,9,active
1386,21390,9,1.25,United Kingdom,70,Male,Regular,Email,Toys,Outdoor,no,Credit Card,8,active
1387,84836,6,1.25,United Kingdom,76,Female,New,Ads,Electronics,Gadgets,no,Cash,4,active
1388,22557,2,1.65,United Kingdom,71,Male,New,Organic,Home Decor,Decor,yes,Credit Card,2,churned
1389,35971,2,1.25,United Kingdom,24,Female,VIP,Email,Toys,Puzzles,no,PayPal,2,churned
1390,21385,6,0.85,United Kingdom,49,Female,Regular,Referral,Stationery,Pens,no,Cash,8,churned
1391,22227,5,0.65,United Kingdom,78,Male,Regular,Ads,Stationery,Books,no,Bank Transfer,9,churned
1392,22219,6,0.85,United Kingdom,62,Female,VIP,Ads,Toys,Outdoor,no,Bank Transfer,3,churned
1393,85130D,2,1.65,United Kingdom,71,Male,VIP,Email,Kitchen,Storage,no,PayPal,5,churned
1394,21892,1,1.25,United Kingdom,64,Male,Regular,Email,Clothing,Women,yes,Credit Card,3,churned
1395,79144B,5,0.42,United Kingdom,22,Male,New,Organic,Electronics,Cables,no,Cash,5,churned
1396,84709A,2,5.95,United Kingdom,33,Male,New,Organic,Stationery,Art,no,Cash,3,churned
1397,22212,3,2.1,United Kingdom,74,Male,Regular,Referral,Clothing,Men,no,Cash,5,churned
1398,22669,5,2.95,United Kingdom,22,Male,VIP,Email,Electronics,Accessories,no,Credit Card,6,churned
1399,85129C,1,1.25,United Kingdom,47,Female,Regular,Referral,Clothing,Men,no,Credit Card,4,active
1400,22632,2,2.1,United Kingdom,25,Male,VIP,Ads,Toys,Puzzles,no,Bank Transfer,7,churned
1401,22865,1,2.1,United Kingdom,72,Female,Regular,Email,Toys,Kids,no,Cash,1,churned
1402,22867,2,2.1,United Kingdom,70,Male,Regular,Referral,Home Decor,Decor,no,Bank Transfer,7,active
1403,22604,5,2.55,United Kingdom,24,Male,Regular,Organic,Stationery,Books,no,Cash,8,churned
1404,22834,1,2.1,United Kingdom,35,Female,New,Email,Kitchen,Appliances,no,Cash,2,churned
1405,85130A,1,1.65,United Kingdom,63,Male,Regular,Email,Toys,Outdoor,no,PayPal,4,churned
1406,85130C,2,1.65,United Kingdom,31,Male,Regular,Email,Home Decor,Lights,no,PayPal,6,active
1407,85130D,1,1.65,United Kingdom,64,Male,VIP,Email,Electronics,Cables,no,Bank Transfer,9,churned
1408,85130A,4,1.65,United Kingdom,59,Female,New,Referral,Clothing,Kids,no,Credit Card,8,active
1409,85129C,4,1.25,United Kingdom,68,Female,New,Referral,Kitchen,Storage,no,PayPal,7,churned
1410,85130D,2,1.65,United Kingdom,29,Male,Regular,Ads,Toys,Outdoor,no,Bank Transfer,9,churned
1411,85129D,2,1.25,United Kingdom,47,Male,Regular,Email,Kitchen,Storage,yes,Bank Transfer,5,churned
1412,22130,18,0.85,United Kingdom,52,Female,New,Email,Electronics,Gadgets,no,PayPal,8,churned
1413,22620,4,1.25,United Kingdom,27,Female,New,Organic,Electronics,Cables,no,PayPal,1,active
1414,21891,1,1.25,United Kingdom,35,Male,New,Email,Kitchen,Utensils,no,PayPal,3,churned
1415,35400,4,8.95,United Kingdom,21,Female,Regular,Email,Clothing,Men,no,Cash,2,active
1416,21892,2,1.25,United Kingdom,70,Male,VIP,Referral,Clothing,Men,no,PayPal,8,churned
1417,22157,7,0.85,United Kingdom,26,Female,New,Organic,Clothing,Women,no,Bank Transfer,1,churned
1418,35971,4,1.25,United Kingdom,23,Male,Regular,Email,Stationery,Pens,no,Bank Transfer,3,active
1419,22795,1,6.75,United Kingdom,77,Male,New,Referral,Home Decor,Frames,no,Bank Transfer,5,churned
1420,22470,2,2.95,United Kingdom,37,Female,New,Referral,Kitchen,Appliances,no,Credit Card,4,active
1421,21730,2,4.95,United Kingdom,76,Male,New,Ads,Home Decor,Frames,no,PayPal,7,churned
1422,22575,6,1.95,United Kingdom,62,Male,Regular,Organic,Toys,Kids,no,Bank Transfer,5,churned
1423,22580,2,5.95,United Kingdom,30,Male,New,Email,Toys,Outdoor,no,PayPal,7,churned
1424,22866,3,2.1,United Kingdom,23,Female,Regular,Email,Clothing,Women,yes,PayPal,2,churned
1425,22158,1,2.95,United Kingdom,60,Female,VIP,Email,Toys,Puzzles,no,Bank Transfer,1,churned
1426,22756,2,1.25,United Kingdom,45,Male,Regular,Email,Toys,Kids,no,Cash,4,churned
1427,22757,2,1.25,United Kingdom,78,Male,VIP,Email,Stationery,Books,no,Bank Transfer,8,churned
1428,22758,2,1.25,United Kingdom,71,Male,Regular,Referral,Kitchen,Utensils,no,PayPal,2,churned
1429,21892,1,1.25,United Kingdom,36,Male,VIP,Email,Toys,Kids,no,PayPal,2,churned
1430,21891,2,1.25,United Kingdom,44,Female,VIP,Email,Toys,Puzzles,no,PayPal,1,churned
1431,22795,2,6.75,United Kingdom,35,Female,VIP,Ads,Stationery,Pens,no,Bank Transfer,1,active
1432,22496,1,2.95,United Kingdom,50,Male,New,Organic,Stationery,Books,no,PayPal,8,churned
1433,22158,3,2.95,United Kingdom,53,Female,Regular,Organic,Toys,Puzzles,no,PayPal,5,active
1434,22277,3,2.1,United Kingdom,38,Female,VIP,Email,Home Decor,Decor,no,Cash,7,churned
1435,22495,2,2.95,United Kingdom,63,Female,New,Referral,Stationery,Art,no,Cash,3,active
1436,22496,1,2.95,United Kingdom,59,Female,New,Organic,Electronics,Accessories,no,PayPal,7,churned
1437,22644,2,1.45,United Kingdom,20,Female,New,Organic,Kitchen,Utensils,no,Credit Card,9,active
1438,85232B,2,4.95,United Kingdom,59,Male,New,Organic,Kitchen,Storage,no,Bank Transfer,6,active
1439,22786,4,5.95,United Kingdom,59,Female,VIP,Referral,Toys,Kids,no,Bank Transfer,1,churned
1440,47591D,2,1.95,United Kingdom,51,Female,VIP,Referral,Toys,Outdoor,no,Bank Transfer,2,churned
1441,84988,2,1.45,United Kingdom,27,Male,Regular,Organic,Clothing,Kids,no,Credit Card,5,active
1442,21974,2,1.45,United Kingdom,39,Female,VIP,Referral,Home Decor,Lights,no,Cash,9,churned
1443,84987,2,1.45,United Kingdom,58,Female,VIP,Referral,Kitchen,Appliances,no,Credit Card,4,active
1444,47567B,1,5.95,United Kingdom,55,Male,VIP,Organic,Toys,Puzzles,no,PayPal,5,churned
1445,22276,3,2.55,United Kingdom,23,Female,New,Referral,Toys,Kids,no,Credit Card,2,churned
1446,35972,6,1.25,United Kingdom,78,Male,Regular,Organic,Stationery,Art,no,Bank Transfer,8,active
1447,22086,3,2.95,United Kingdom,54,Female,New,Ads,Kitchen,Utensils,no,Credit Card,2,churned
1448,22143,2,2.1,United Kingdom,57,Male,New,Referral,Kitchen,Storage,yes,Credit Card,9,active
1449,35400,2,8.95,United Kingdom,56,Male,Regular,Referral,Toys,Outdoor,no,Credit Card,5,churned
1450,22855,12,1.25,United Kingdom,67,Female,Regular,Ads,Home Decor,Lights,no,Cash,5,churned
1451,21274,1,12.75,United Kingdom,47,Male,VIP,Email,Stationery,Books,yes,Bank Transfer,4,churned
1452,85048,3,7.95,United Kingdom,59,Female,VIP,Ads,Toys,Outdoor,no,PayPal,1,active
1453,22637,4,2.55,United Kingdom,33,Female,Regular,Referral,Home Decor,Frames,no,Cash,2,churned
1454,21556,2,2.55,United Kingdom,67,Male,VIP,Referral,Kitchen,Appliances,no,PayPal,4,churned
1455,85066,1,12.75,United Kingdom,38,Female,Regular,Email,Stationery,Art,no,Cash,1,active
1456,71038,8,5.45,United Kingdom,24,Male,VIP,Email,Kitchen,Utensils,no,Credit Card,7,churned
1457,21181,1,2.1,United Kingdom,71,Male,VIP,Ads,Clothing,Women,no,Credit Card,6,churned
1458,82581,1,0.55,United Kingdom,68,Male,VIP,Referral,Clothing,Kids,yes,Credit Card,2,active
1459,21901,2,0.65,United Kingdom,55,Female,Regular,Organic,Kitchen,Appliances,no,Cash,5,active
1460,21900,1,0.65,United Kingdom,30,Male,New,Referral,Toys,Puzzles,no,PayPal,9,churned
1461,21825,1,1.45,United Kingdom,22,Female,VIP,Referral,Kitchen,Appliances,no,Credit Card,3,churned
1462,22178,3,1.25,United Kingdom,43,Female,New,Ads,Electronics,Gadgets,no,Cash,9,churned
1463,21824,1,1.45,United Kingdom,38,Female,Regular,Organic,Toys,Kids,no,Cash,4,churned
1464,21823,1,1.45,United Kingdom,63,Male,Regular,Referral,Clothing,Kids,no,Credit Card,2,active
1465,85123A,5,2.95,United Kingdom,79,Male,Regular,Referral,Home Decor,Frames,no,PayPal,2,active
1466,22337,1,0.65,United Kingdom,51,Male,VIP,Email,Clothing,Women,no,Credit Card,8,active
1467,22910,1,2.95,United Kingdom,20,Female,VIP,Email,Toys,Kids,no,Credit Card,2,churned
1468,22086,1,2.95,United Kingdom,34,Female,Regular,Referral,Electronics,Cables,no,Cash,7,churned
1469,22737,1,1.65,United Kingdom,40,Female,Regular,Organic,Stationery,Art,no,Cash,7,churned
1470,22739,1,1.65,United Kingdom,55,Female,New,Referral,Electronics,Cables,no,Cash,1,churned
1471,84347,2,2.55,United Kingdom,26,Male,New,Organic,Kitchen,Appliances,no,PayPal,4,active
1472,21754,1,5.95,United Kingdom,77,Female,Regular,Email,Electronics,Gadgets,no,PayPal,2,churned
1473,71477,2,3.25,United Kingdom,59,Male,New,Referral,Home Decor,Lights,no,Cash,8,churned
1474,21811,1,1.25,United Kingdom,44,Female,Regular,Email,Kitchen,Utensils,no,PayPal,1,churned
1475,21818,1,0.85,United Kingdom,76,Female,New,Organic,Kitchen,Utensils,no,Bank Transfer,2,active
1476,21824,1,1.45,United Kingdom,51,Male,New,Referral,Toys,Outdoor,no,PayPal,4,active
1477,21823,2,1.45,United Kingdom,47,Female,New,Referral,Home Decor,Lights,no,Credit Card,1,churned
1478,22575,1,1.95,United Kingdom,50,Male,New,Referral,Clothing,Kids,no,Credit Card,5,active
1479,21584,1,1.65,United Kingdom,18,Male,VIP,Email,Electronics,Gadgets,yes,Bank Transfer,1,churned
1480,22575,1,1.95,United Kingdom,22,Male,VIP,Email,Electronics,Gadgets,yes,Cash,5,churned
1481,22219,1,0.85,United Kingdom,74,Female,VIP,Organic,Clothing,Kids,yes,Cash,9,churned
1482,21730,1,4.95,United Kingdom,19,Male,Regular,Ads,Stationery,Books,no,Credit Card,4,churned
1483,22694,2,2.1,United Kingdom,79,Male,Regular,Email,Kitchen,Storage,no,Bank Transfer,7,active
1484,79067,1,3.75,United Kingdom,68,Male,VIP,Ads,Home Decor,Decor,no,Cash,9,active
1485,22666,2,2.95,United Kingdom,57,Male,Regular,Referral,Clothing,Women,no,Cash,8,churned
1486,21098,1,1.25,United Kingdom,40,Male,VIP,Referral,Electronics,Gadgets,no,Bank Transfer,8,churned
1487,35400,2,8.95,United Kingdom,41,Female,Regular,Referral,Electronics,Cables,no,Bank Transfer,5,active
1488,21034,4,0.95,United Kingdom,22,Female,Regular,Ads,Home Decor,Lights,no,Bank Transfer,9,churned
1489,21755,1,5.95,United Kingdom,33,Female,Regular,Ads,Electronics,Accessories,no,Credit Card,4,churned
1490,22243,1,1.65,United Kingdom,62,Male,VIP,Organic,Home Decor,Decor,no,Bank Transfer,4,churned
1491,21730,1,4.95,United Kingdom,37,Male,Regular,Referral,Home Decor,Decor,no,Bank Transfer,6,active
1492,47591D,1,1.95,United Kingdom,54,Female,VIP,Referral,Home Decor,Decor,no,Cash,1,active
1493,22470,2,2.95,United Kingdom,59,Female,Regular,Referral,Home Decor,Lights,no,Cash,8,active
1494,22158,1,2.95,United Kingdom,63,Male,Regular,Ads,Toys,Outdoor,no,Credit Card,2,churned
1495,22755,1,0.85,United Kingdom,72,Male,VIP,Referral,Home Decor,Decor,no,Cash,6,churned
1496,21811,1,1.25,United Kingdom,49,Male,New,Email,Clothing,Kids,no,Credit Card,8,churned
1497,22151,1,0.42,United Kingdom,55,Female,VIP,Organic,Clothing,Women,yes,Credit Card,1,churned
1498,22865,1,2.1,United Kingdom,59,Male,Regular,Ads,Home Decor,Decor,no,PayPal,1,churned
1499,22632,1,2.1,United Kingdom,50,Male,VIP,Organic,Toys,Outdoor,yes,PayPal,1,active
1500,84347,1,2.55,United Kingdom,43,Male,Regular,Email,Home Decor,Frames,no,Cash,9,active
1501,21899,2,0.65,United Kingdom,55,Female,New,Organic,Home Decor,Frames,no,Credit Card,3,active
1502,21901,1,0.65,United Kingdom,23,Female,New,Referral,Electronics,Gadgets,no,Credit Card,6,active
1503,85061W,1,0.85,United Kingdom,61,Male,New,Referral,Toys,Outdoor,no,PayPal,7,active
1504,22243,1,1.65,United Kingdom,26,Male,VIP,Organic,Kitchen,Storage,no,PayPal,4,active
1505,21811,2,1.25,United Kingdom,72,Male,New,Organic,Stationery,Art,no,PayPal,7,active
1506,22339,2,0.65,United Kingdom,25,Female,VIP,Email,Electronics,Cables,no,PayPal,7,churned
1507,82581,1,0.55,United Kingdom,25,Male,Regular,Ads,Stationery,Books,no,Cash,9,active
1508,82580,2,0.55,United Kingdom,30,Female,New,Email,Clothing,Kids,no,Cash,9,churned
1509,21874,1,1.25,United Kingdom,59,Female,Regular,Referral,Electronics,Cables,yes,Bank Transfer,2,churned
1510,85047,2,6.35,United Kingdom,45,Female,New,Organic,Toys,Kids,no,Bank Transfer,9,churned
1511,21591,1,1.25,United Kingdom,29,Female,New,Referral,Electronics,Gadgets,no,Cash,6,active
1512,22113,1,3.75,United Kingdom,72,Male,Regular,Email,Kitchen,Utensils,no,Bank Transfer,9,churned
1513,21591,1,1.25,United Kingdom,54,Male,New,Email,Electronics,Gadgets,no,PayPal,8,active
1514,21158,1,1.45,United Kingdom,61,Female,Regular,Email,Clothing,Men,no,Cash,8,active
1515,82600,1,2.1,United Kingdom,55,Male,VIP,Organic,Kitchen,Storage,no,Bank Transfer,7,active
1516,85123A,1,2.95,United Kingdom,62,Male,VIP,Ads,Home Decor,Frames,no,Cash,2,active
1517,85152,1,2.1,United Kingdom,74,Male,New,Email,Stationery,Art,no,Credit Card,2,active
1518,21733,1,2.95,United Kingdom,31,Female,New,Email,Clothing,Kids,no,Bank Transfer,9,churned
1519,21098,1,1.25,United Kingdom,65,Male,Regular,Organic,Stationery,Books,no,Cash,5,churned
1520,20894,1,2.95,United Kingdom,20,Male,Regular,Email,Toys,Outdoor,no,Cash,4,active
1521,20893,1,2.55,United Kingdom,35,Male,Regular,Email,Kitchen,Utensils,no,Bank Transfer,3,churned
1522,22666,1,2.95,United Kingdom,71,Female,Regular,Ads,Home Decor,Lights,no,Cash,6,churned
1523,35400,1,8.95,United Kingdom,32,Female,Regular,Organic,Stationery,Art,no,Cash,4,churned
1524,85061W,1,0.85,United Kingdom,64,Female,VIP,Email,Clothing,Women,no,Credit Card,1,churned
1525,85048,2,7.95,United Kingdom,74,Male,Regular,Ads,Toys,Puzzles,no,Cash,5,churned
1526,71477,1,3.25,United Kingdom,43,Male,New,Organic,Stationery,Books,no,Credit Card,6,churned
1527,21900,1,0.65,United Kingdom,59,Female,Regular,Ads,Electronics,Gadgets,yes,PayPal,6,churned
1528,22629,1,1.95,United Kingdom,22,Female,Regular,Email,Clothing,Women,no,PayPal,7,churned
1529,21314,1,2.1,United Kingdom,30,Male,Regular,Referral,Stationery,Pens,no,Bank Transfer,8,active
1530,22662,1,1.65,United Kingdom,39,Female,VIP,Email,Electronics,Cables,no,Cash,8,churned
1531,20726,1,1.65,United Kingdom,39,Female,VIP,Organic,Toys,Kids,no,Cash,2,churned
1532,22412,1,2.1,United Kingdom,56,Male,New,Ads,Electronics,Gadgets,yes,Cash,4,churned
1533,22158,1,2.95,United Kingdom,56,Female,Regular,Organic,Clothing,Kids,no,PayPal,2,active
1534,82599,1,2.1,United Kingdom,58,Female,VIP,Organic,Clothing,Women,no,Cash,1,churned
1535,22910,6,2.95,United Kingdom,62,Female,New,Email,Home Decor,Lights,no,Cash,5,churned
1536,22952,3,0.55,United Kingdom,36,Male,New,Ads,Toys,Kids,no,Bank Transfer,8,churned
1537,21743,2,2.95,United Kingdom,41,Female,VIP,Ads,Toys,Kids,no,Bank Transfer,2,active
1538,82599,2,2.1,United Kingdom,41,Female,Regular,Ads,Clothing,Kids,no,Cash,5,churned
1539,82567,1,2.1,United Kingdom,57,Female,Regular,Referral,Kitchen,Storage,no,PayPal,2,churned
1540,21181,1,2.1,United Kingdom,74,Female,New,Email,Home Decor,Frames,no,Credit Card,9,churned
1541,21169,1,1.69,United Kingdom,72,Male,Regular,Email,Kitchen,Utensils,no,PayPal,7,active
1542,21175,1,2.1,United Kingdom,48,Female,Regular,Email,Clothing,Men,no,Credit Card,2,active
1543,21903,1,2.1,United Kingdom,19,Male,VIP,Organic,Stationery,Books,no,PayPal,3,active
1544,21905,1,2.1,United Kingdom,72,Male,New,Ads,Electronics,Accessories,no,Credit Card,5,churned
1545,82583,1,2.1,United Kingdom,29,Female,New,Ads,Electronics,Cables,no,Credit Card,9,active
1546,22940,1,4.25,United Kingdom,54,Male,VIP,Referral,Stationery,Art,no,Credit Card,7,churned
1547,22187,2,4.25,United Kingdom,78,Male,VIP,Organic,Kitchen,Utensils,no,Credit Card,5,active
1548,21586,2,2.55,United Kingdom,48,Female,VIP,Email,Electronics,Cables,no,Credit Card,1,active
1549,21587,2,2.55,United Kingdom,53,Female,VIP,Organic,Kitchen,Appliances,no,Bank Transfer,9,churned
1550,21613,1,2.95,United Kingdom,26,Female,New,Ads,Toys,Kids,no,Bank Transfer,2,active
1551,21610,1,2.95,United Kingdom,23,Female,VIP,Referral,Toys,Puzzles,no,Cash,8,churned
1552,21611,1,2.95,United Kingdom,44,Female,New,Ads,Electronics,Gadgets,no,Cash,6,churned
1553,22190,1,2.1,United Kingdom,65,Male,VIP,Organic,Electronics,Cables,yes,Bank Transfer,7,churned
1554,22130,4,0.85,United Kingdom,76,Male,New,Referral,Electronics,Cables,no,Bank Transfer,2,active
1555,22696,1,1.95,United Kingdom,70,Male,Regular,Referral,Stationery,Pens,no,PayPal,8,churned
1556,22086,2,2.95,United Kingdom,74,Female,New,Ads,Electronics,Accessories,no,Bank Transfer,2,active
1557,22077,1,1.65,United Kingdom,71,Male,Regular,Organic,Clothing,Kids,no,Cash,8,churned
1558,22110,3,2.55,United Kingdom,60,Female,New,Email,Kitchen,Storage,no,Credit Card,6,churned
1559,21481,3,2.95,United Kingdom,49,Male,VIP,Organic,Home Decor,Decor,no,Cash,2,active
1560,35832,2,2.95,United Kingdom,19,Female,Regular,Referral,Electronics,Gadgets,no,PayPal,6,churned
1561,72586,3,0.42,United Kingdom,71,Male,New,Organic,Kitchen,Utensils,no,Bank Transfer,1,churned
1562,21902,11,0.65,United Kingdom,53,Female,VIP,Referral,Toys,Kids,yes,PayPal,7,churned
1563,20984,1,0.85,United Kingdom,68,Female,New,Referral,Home Decor,Frames,no,Bank Transfer,7,churned
1564,20982,2,0.85,United Kingdom,34,Female,Regular,Organic,Stationery,Art,no,Credit Card,5,active
1565,20983,2,0.85,United Kingdom,19,Female,New,Ads,Home Decor,Lights,no,PayPal,9,active
1566,20981,2,0.85,United Kingdom,69,Male,New,Ads,Kitchen,Storage,no,Bank Transfer,6,churned
1567,22700,1,2.95,United Kingdom,53,Female,New,Email,Toys,Outdoor,yes,Credit Card,5,churned
1568,21611,1,2.95,United Kingdom,31,Female,New,Ads,Clothing,Kids,no,Credit Card,5,churned
1569,21614,1,2.95,United Kingdom,42,Female,Regular,Referral,Home Decor,Frames,no,Credit Card,4,churned
1570,21272,4,1.25,United Kingdom,26,Female,New,Email,Clothing,Kids,no,Credit Card,5,churned
1571,22867,4,2.1,United Kingdom,22,Male,Regular,Referral,Clothing,Women,no,Credit Card,8,churned
1572,22866,1,2.1,United Kingdom,45,Male,Regular,Organic,Electronics,Accessories,no,PayPal,7,churned
1573,22865,1,2.1,United Kingdom,76,Female,New,Organic,Toys,Kids,no,Credit Card,5,churned
1574,21903,1,2.1,United Kingdom,19,Female,VIP,Ads,Toys,Kids,no,Cash,3,churned
1575,21159,1,1.45,United Kingdom,38,Female,New,Referral,Kitchen,Appliances,no,PayPal,5,active
1576,22844,1,8.5,United Kingdom,32,Female,Regular,Organic,Clothing,Men,no,Cash,2,churned
1577,22748,1,2.1,United Kingdom,40,Female,VIP,Referral,Toys,Kids,no,Cash,2,churned
1578,22746,1,2.1,United Kingdom,76,Male,Regular,Ads,Toys,Outdoor,no,Bank Transfer,1,churned
1579,22312,1,2.95,United Kingdom,58,Male,VIP,Referral,Toys,Kids,yes,Credit Card,1,churned
1580,21432,1,5.95,United Kingdom,73,Male,New,Referral,Stationery,Art,no,Credit Card,2,churned
1581,22467,1,2.55,United Kingdom,22,Male,New,Ads,Kitchen,Appliances,no,PayPal,9,churned
1582,22196,1,0.85,United Kingdom,43,Male,New,Organic,Clothing,Men,no,Cash,5,active
1583,22781,1,7.65,United Kingdom,64,Male,VIP,Email,Clothing,Men,no,Bank Transfer,5,active
1584,21731,1,1.65,United Kingdom,69,Male,VIP,Organic,Toys,Puzzles,no,Credit Card,6,churned
1585,22328,1,2.95,United Kingdom,56,Male,New,Referral,Toys,Puzzles,no,Credit Card,9,active
1586,85232B,2,4.95,United Kingdom,47,Female,New,Referral,Stationery,Books,no,PayPal,9,churned
1587,22035,12,0.42,United Kingdom,63,Male,VIP,Referral,Toys,Kids,no,Credit Card,4,churned
1588,21669,6,1.25,United Kingdom,51,Male,New,Organic,Kitchen,Utensils,no,Cash,2,churned
1589,35603C,2,0.42,United Kingdom,23,Female,Regular,Organic,Electronics,Cables,no,PayPal,3,churned
1590,22358,2,2.95,United Kingdom,77,Male,New,Ads,Toys,Kids,no,Credit Card,9,churned
1591,20751,4,2.1,United Kingdom,27,Female,VIP,Referral,Electronics,Accessories,no,Cash,5,active
1592,22682,5,1.25,United Kingdom,22,Female,VIP,Organic,Clothing,Kids,no,Credit Card,7,churned
1593,22683,3,1.25,United Kingdom,75,Male,VIP,Organic,Stationery,Art,no,Bank Transfer,5,churned
1594,22676,9,1.25,United Kingdom,72,Male,New,Organic,Kitchen,Storage,no,Credit Card,8,active
1595,22685,11,1.25,United Kingdom,34,Male,VIP,Referral,Electronics,Gadgets,no,Bank Transfer,9,churned
1596,22678,8,1.25,United Kingdom,29,Male,VIP,Referral,Stationery,Pens,no,Bank Transfer,4,churned
1597,22677,10,1.25,United Kingdom,41,Female,VIP,Organic,Toys,Puzzles,no,Bank Transfer,3,active
1598,22676,5,1.25,United Kingdom,49,Female,Regular,Email,Stationery,Books,no,Cash,5,active
1599,79067,2,3.75,United Kingdom,59,Female,New,Ads,Clothing,Kids,no,Credit Card,5,churned
1600,21439,2,1.25,United Kingdom,30,Female,Regular,Organic,Electronics,Accessories,no,Credit Card,3,active
1601,22667,1,2.95,United Kingdom,28,Female,Regular,Referral,Stationery,Pens,no,Credit Card,9,churned
1602,22665,1,2.95,United Kingdom,41,Female,Regular,Organic,Toys,Kids,no,Bank Transfer,8,active
1603,21668,6,1.25,United Kingdom,50,Female,VIP,Referral,Clothing,Kids,yes,Cash,8,churned
1604,21669,6,1.25,United Kingdom,48,Male,New,Organic,Home Decor,Lights,no,PayPal,1,active
1605,22726,1,3.75,United Kingdom,47,Male,Regular,Organic,Stationery,Art,no,Credit Card,8,churned
1606,22729,1,3.75,United Kingdom,74,Male,VIP,Organic,Kitchen,Utensils,no,Cash,9,churned
1607,22667,1,2.95,United Kingdom,28,Male,VIP,Ads,Home Decor,Frames,no,Bank Transfer,7,churned
1608,22666,5,2.95,United Kingdom,57,Female,Regular,Email,Stationery,Books,no,Credit Card,1,active
1609,82600,1,2.1,United Kingdom,20,Female,VIP,Referral,Stationery,Pens,no,PayPal,8,active
1610,21741,1,2.95,United Kingdom,68,Male,VIP,Ads,Toys,Outdoor,no,Bank Transfer,9,churned
1611,21738,1,2.95,United Kingdom,69,Male,VIP,Email,Home Decor,Decor,no,PayPal,4,active
1612,22178,6,1.25,United Kingdom,68,Female,Regular,Ads,Home Decor,Lights,no,PayPal,8,active
1613,21429,6,1.65,United Kingdom,73,Female,Regular,Organic,Electronics,Accessories,no,PayPal,4,active
1614,22355,10,0.85,United Kingdom,55,Male,New,Referral,Stationery,Art,no,Cash,3,churned
1615,22383,10,1.65,United Kingdom,36,Female,Regular,Ads,Electronics,Accessories,no,PayPal,2,churned
1616,20719,10,0.85,United Kingdom,67,Female,Regular,Email,Kitchen,Appliances,no,Credit Card,1,churned
1617,20726,4,1.65,United Kingdom,56,Male,New,Organic,Kitchen,Utensils,no,Credit Card,5,churned
1618,20723,10,0.85,United Kingdom,72,Female,New,Organic,Clothing,Women,no,Credit Card,1,active
1619,20726,2,1.65,United Kingdom,74,Female,New,Organic,Toys,Outdoor,no,PayPal,1,active
1620,20713,10,1.95,United Kingdom,23,Female,New,Ads,Toys,Kids,yes,Cash,2,active
1621,22411,6,1.95,United Kingdom,36,Female,Regular,Referral,Kitchen,Appliances,no,Bank Transfer,8,active
1622,21928,6,1.95,United Kingdom,22,Female,VIP,Referral,Electronics,Accessories,no,PayPal,9,churned
1623,20717,2,1.25,United Kingdom,18,Female,New,Email,Home Decor,Decor,no,PayPal,3,churned
1624,85099C,6,1.95,United Kingdom,74,Female,Regular,Referral,Toys,Puzzles,no,Cash,6,churned
1625,22940,1,4.25,United Kingdom,31,Male,New,Email,Clothing,Women,no,Credit Card,9,churned
1626,20972,2,1.25,United Kingdom,40,Male,VIP,Email,Toys,Puzzles,no,PayPal,9,churned
1627,22149,1,2.1,United Kingdom,35,Female,Regular,Email,Stationery,Art,no,Cash,5,churned
1628,85132B,12,1.95,United Kingdom,61,Female,VIP,Organic,Kitchen,Appliances,no,Credit Card,1,churned
1629,21034,1,0.95,United Kingdom,67,Female,New,Referral,Electronics,Gadgets,no,Credit Card,7,churned
1630,22197,2,0.85,United Kingdom,23,Male,VIP,Ads,Clothing,Men,no,Cash,3,churned
1631,22198,7,1.65,United Kingdom,74,Male,VIP,Referral,Clothing,Kids,no,PayPal,1,active
1632,22589,2,2.55,United Kingdom,44,Female,VIP,Referral,Toys,Outdoor,no,PayPal,9,churned
1633,22588,2,2.55,United Kingdom,23,Female,VIP,Email,Toys,Outdoor,no,Bank Transfer,2,active
1634,22591,4,2.55,United Kingdom,27,Female,New,Organic,Stationery,Pens,no,PayPal,7,churned
1635,21181,2,2.1,United Kingdom,48,Male,New,Organic,Toys,Kids,no,Bank Transfer,8,active
1636,21908,2,2.1,United Kingdom,38,Female,Regular,Organic,Home Decor,Lights,no,Cash,2,churned
1637,22674,2,1.25,United Kingdom,41,Female,New,Email,Home Decor,Frames,no,Credit Card,2,churned
1638,21169,5,1.69,United Kingdom,71,Male,New,Email,Stationery,Pens,no,PayPal,8,active
1639,21166,2,1.95,United Kingdom,43,Female,VIP,Organic,Toys,Kids,no,PayPal,8,active
1640,22197,10,0.85,United Kingdom,30,Female,New,Referral,Electronics,Gadgets,yes,PayPal,9,churned
1641,85123A,3,2.95,United Kingdom,22,Female,Regular,Organic,Stationery,Pens,no,Credit Card,1,active
1642,21733,3,2.95,United Kingdom,63,Male,Regular,Referral,Electronics,Gadgets,no,PayPal,8,active
1643,22470,4,2.95,United Kingdom,45,Male,Regular,Referral,Clothing,Women,no,Credit Card,6,active
1644,22355,4,0.85,United Kingdom,72,Female,VIP,Ads,Kitchen,Appliances,no,PayPal,6,churned
1645,22356,4,0.85,United Kingdom,30,Male,VIP,Organic,Clothing,Men,no,Credit Card,2,churned
1646,20723,4,0.85,United Kingdom,63,Male,New,Organic,Stationery,Books,no,Credit Card,2,active
1647,20719,4,0.85,United Kingdom,49,Female,New,Organic,Clothing,Women,no,Bank Transfer,2,active
1648,20724,4,0.85,United Kingdom,69,Female,VIP,Organic,Stationery,Books,no,Credit Card,9,churned
1649,21990,2,2.95,United Kingdom,71,Male,Regular,Organic,Clothing,Kids,no,Bank Transfer,9,active
1650,20956,2,1.25,United Kingdom,24,Male,VIP,Email,Stationery,Books,no,Credit Card,6,churned
1651,21314,1,2.1,United Kingdom,55,Female,Regular,Email,Clothing,Kids,no,PayPal,7,active
1652,22042,5,0.42,United Kingdom,42,Female,New,Ads,Toys,Outdoor,no,PayPal,8,churned
1653,21733,2,2.95,United Kingdom,37,Female,New,Referral,Toys,Kids,no,Cash,6,churned
1654,21231,2,1.25,United Kingdom,38,Female,VIP,Email,Toys,Kids,no,Cash,6,active
1655,84992,1,0.55,United Kingdom,65,Male,New,Ads,Toys,Outdoor,no,PayPal,4,active
1656,21803,6,0.42,United Kingdom,31,Female,New,Referral,Clothing,Kids,yes,Cash,9,churned
1657,22114,1,3.95,United Kingdom,33,Female,VIP,Email,Clothing,Men,no,PayPal,3,churned
1658,21164,1,2.95,United Kingdom,55,Female,Regular,Organic,Clothing,Kids,no,Cash,3,churned
1659,21485,1,4.95,United Kingdom,23,Male,VIP,Referral,Stationery,Art,no,PayPal,9,churned
1660,17012D,2,2.55,United Kingdom,33,Female,VIP,Referral,Electronics,Cables,no,Cash,1,churned
1661,82613C,1,1.25,United Kingdom,46,Male,Regular,Email,Clothing,Kids,no,Credit Card,6,churned
1662,21232,3,1.25,United Kingdom,69,Female,VIP,Referral,Home Decor,Frames,no,PayPal,7,active
1663,21993,1,2.95,United Kingdom,20,Male,New,Referral,Stationery,Pens,yes,PayPal,3,churned
1664,84970L,4,0.95,United Kingdom,39,Male,VIP,Ads,Electronics,Gadgets,no,Bank Transfer,3,active
1665,82613B,1,1.25,United Kingdom,49,Male,VIP,Referral,Stationery,Art,no,Cash,9,churned
1666,22178,2,1.25,United Kingdom,76,Male,VIP,Ads,Electronics,Cables,no,PayPal,1,active
1667,21801,6,0.42,United Kingdom,43,Female,Regular,Referral,Stationery,Pens,no,Bank Transfer,2,active
1668,21802,6,0.42,United Kingdom,20,Female,VIP,Organic,Electronics,Accessories,no,PayPal,1,churned
1669,17012B,2,2.55,United Kingdom,62,Female,VIP,Referral,Electronics,Cables,no,Cash,4,active
1670,22589,1,2.55,United Kingdom,56,Male,New,Organic,Home Decor,Frames,no,Cash,8,churned
1671,82613D,1,1.25,United Kingdom,20,Female,VIP,Email,Electronics,Gadgets,no,PayPal,6,active
1672,21351,2,6.75,United Kingdom,66,Male,VIP,Ads,Clothing,Women,no,Bank Transfer,6,churned
1673,21693,1,2.95,United Kingdom,34,Male,New,Ads,Kitchen,Storage,no,PayPal,6,churned
1674,22188,1,3.95,United Kingdom,40,Female,VIP,Email,Electronics,Accessories,no,Credit Card,4,active
1675,21349,1,6.75,United Kingdom,21,Male,VIP,Ads,Clothing,Kids,no,Bank Transfer,6,active
1676,21485,1,4.95,United Kingdom,22,Male,VIP,Ads,Kitchen,Storage,no,Cash,6,active
1677,84030E,1,4.25,United Kingdom,24,Male,VIP,Email,Electronics,Cables,no,Bank Transfer,4,active
1678,22449,6,3.35,Canada,76,Male,VIP,Organic,Electronics,Cables,no,Bank Transfer,3,active
1679,21506,12,0.42,Canada,59,Female,Regular,Organic,Kitchen,Utensils,no,Bank Transfer,3,churned
1680,20978,16,1.25,Canada,19,Female,VIP,Referral,Stationery,Books,yes,PayPal,4,active
1681,21558,6,2.55,Canada,30,Male,New,Ads,Clothing,Men,no,PayPal,8,active
1682,21967,24,0.29,Canada,34,Female,New,Email,Stationery,Pens,no,Bank Transfer,1,churned
1683,22553,12,1.65,Canada,30,Male,Regular,Organic,Kitchen,Appliances,yes,Bank Transfer,9,churned
1684,20979,16,1.25,Canada,67,Male,Regular,Ads,Home Decor,Lights,yes,Bank Transfer,5,active
1685,21212,24,0.55,Canada,48,Female,New,Organic,Stationery,Pens,no,Credit Card,5,churned
1686,21156,16,1.95,Canada,22,Male,VIP,Organic,Stationery,Pens,no,PayPal,3,active
1687,21584,20,1.65,Canada,32,Female,Regular,Referral,Toys,Kids,no,Cash,7,churned
1688,22083,6,2.95,Canada,66,Male,VIP,Referral,Stationery,Art,no,Cash,6,churned
1689,21980,24,0.29,Canada,31,Male,VIP,Ads,Electronics,Gadgets,no,Credit Card,9,churned
1690,22632,12,2.1,Canada,21,Female,VIP,Referral,Kitchen,Appliances,yes,Bank Transfer,4,active
1691,21232,12,1.25,Canada,38,Female,New,Organic,Kitchen,Appliances,no,PayPal,2,churned
1692,21555,6,2.55,Canada,50,Female,VIP,Email,Home Decor,Decor,no,Cash,7,churned
1693,22645,12,1.45,Canada,34,Female,Regular,Email,Clothing,Kids,no,Bank Transfer,2,active
1694,35924,6,2.1,Canada,59,Female,New,Ads,Stationery,Books,no,Credit Card,6,churned
1695,47591D,8,1.95,Canada,20,Female,VIP,Organic,Kitchen,Storage,no,PayPal,3,active
1696,21114,20,1.25,Canada,42,Male,Regular,Referral,Electronics,Cables,no,Bank Transfer,6,churned
1697,22367,8,1.95,Canada,47,Male,New,Organic,Home Decor,Lights,no,PayPal,4,churned
1698,22417,24,0.55,Canada,40,Male,VIP,Email,Home Decor,Frames,yes,Bank Transfer,2,churned
1699,22551,12,1.65,Canada,43,Female,Regular,Ads,Electronics,Cables,no,Bank Transfer,4,churned
1700,22614,24,0.29,Canada,47,Male,VIP,Email,Electronics,Gadgets,no,Bank Transfer,8,active
1701,21986,24,0.29,Canada,23,Male,New,Email,Toys,Puzzles,no,PayPal,5,active
1702,21577,12,2.25,Canada,30,Male,VIP,Referral,Kitchen,Utensils,no,Credit Card,9,active
1703,22557,12,1.65,Canada,73,Female,New,Email,Clothing,Kids,no,Credit Card,7,active
1704,22090,6,2.95,Canada,68,Female,VIP,Organic,Clothing,Women,no,Credit Card,3,active
1705,22318,6,2.95,Canada,31,Female,New,Referral,Stationery,Books,no,PayPal,1,churned
1706,21408,3,4.25,Canada,63,Male,VIP,Referral,Home Decor,Frames,no,Bank Transfer,7,churned
1707,21975,24,0.55,Canada,54,Female,New,Organic,Electronics,Gadgets,no,PayPal,5,active
1708,21977,24,0.55,Canada,30,Female,New,Email,Electronics,Cables,no,Cash,9,churned
1709,21871,12,1.25,Canada,79,Male,Regular,Ads,Electronics,Cables,no,PayPal,3,churned
1710,21559,6,2.55,Canada,56,Male,Regular,Organic,Clothing,Women,no,Bank Transfer,7,churned
1711,22983,12,0.42,Canada,65,Male,VIP,Ads,Stationery,Pens,no,Credit Card,4,churned
1712,21846,24,1.25,Canada,58,Male,Regular,Organic,Toys,Outdoor,no,Bank Transfer,7,churned
1713,22910,6,2.95,Canada,45,Female,New,Organic,Electronics,Accessories,no,Bank Transfer,7,churned
1714,22276,6,2.55,Canada,21,Female,New,Organic,Electronics,Accessories,no,Credit Card,4,churned
1715,20682,6,3.25,Canada,79,Male,VIP,Email,Home Decor,Decor,yes,Credit Card,9,churned
1716,85025B,12,1.65,Canada,63,Female,VIP,Email,Kitchen,Appliances,no,Bank Transfer,4,churned
1717,85023B,6,2.55,Canada,47,Female,Regular,Ads,Clothing,Kids,no,Credit Card,9,churned
1718,22321,12,0.85,Canada,63,Female,VIP,Organic,Toys,Outdoor,no,Bank Transfer,1,churned
1719,22344,12,0.85,Canada,26,Female,Regular,Email,Electronics,Cables,no,Cash,3,churned
1720,21242,16,1.69,Canada,37,Male,VIP,Organic,Toys,Outdoor,no,PayPal,9,active
1721,21243,16,1.69,Canada,21,Female,New,Ads,Kitchen,Storage,no,Credit Card,1,churned
1722,21244,16,1.69,Canada,64,Male,VIP,Email,Toys,Outdoor,no,Bank Transfer,1,churned
1723,21238,16,0.85,Canada,50,Female,New,Email,Home Decor,Decor,no,Bank Transfer,8,active
1724,21239,16,0.85,Canada,58,Male,VIP,Ads,Toys,Puzzles,no,Credit Card,8,churned
1725,21240,16,0.85,Canada,74,Female,New,Email,Home Decor,Decor,no,Credit Card,1,active
1726,22343,12,0.85,Canada,26,Male,New,Ads,Kitchen,Appliances,no,Cash,5,churned
1727,22345,12,0.85,Canada,28,Male,VIP,Email,Home Decor,Lights,yes,PayPal,9,churned
1728,21916,48,0.42,United Kingdom,34,Male,New,Email,Home Decor,Lights,no,Bank Transfer,5,active
1729,22029,24,0.42,United Kingdom,50,Female,New,Referral,Stationery,Art,yes,Bank Transfer,6,churned
1730,21506,12,0.42,United Kingdom,51,Female,Regular,Referral,Clothing,Women,no,Cash,4,churned
1731,22023,12,0.42,United Kingdom,78,Female,VIP,Referral,Electronics,Accessories,no,Cash,2,churned
1732,21509,12,0.42,United Kingdom,74,Female,Regular,Organic,Home Decor,Decor,no,Bank Transfer,1,active
1733,84077,288,0.21,United Kingdom,29,Male,New,Organic,Home Decor,Decor,no,PayPal,7,churned
1734,22120,12,8.5,United Kingdom,47,Male,New,Ads,Home Decor,Lights,yes,Credit Card,9,active
1735,21754,18,5.45,United Kingdom,61,Female,VIP,Referral,Stationery,Pens,yes,PayPal,1,churned
1736,22245,12,0.85,United Kingdom,35,Female,VIP,Organic,Kitchen,Utensils,no,Cash,9,churned
1737,22365,10,6.75,United Kingdom,47,Female,New,Email,Kitchen,Utensils,yes,PayPal,6,active
1738,21658,6,3.95,United Kingdom,59,Female,Regular,Referral,Home Decor,Decor,no,PayPal,8,active
1739,21191,96,1.69,United Kingdom,18,Female,Regular,Referral,Electronics,Cables,no,Credit Card,4,active
1740,21187,48,1.45,United Kingdom,27,Male,New,Referral,Clothing,Kids,no,PayPal,2,churned
1741,21186,48,1.45,United Kingdom,34,Female,Regular,Ads,Home Decor,Decor,no,Credit Card,2,churned
1742,48184,5,7.95,United Kingdom,74,Male,Missing?,Email,Stationery,Art,no,Credit Card,2,churned
1743,21658,6,3.95,United Kingdom,55,Male,Missing?,Ads,Stationery,Books,no,PayPal,7,active
1744,48187,10,6.75,United Kingdom,29,Male,Missing?,Organic,Clothing,Men,yes,Cash,8,churned
1745,84029G,24,3.39,United Kingdom,39,Female,Missing?,Organic,Home Decor,Lights,no,Credit Card,5,churned
1746,22110,36,2.1,United Kingdom,45,Female,Missing?,Organic,Electronics,Accessories,no,Cash,1,churned
1747,22111,24,4.25,United Kingdom,66,Male,Missing?,Referral,Electronics,Cables,no,Credit Card,5,active
1748,71477,24,2.75,United Kingdom,47,Female,Missing?,Organic,Stationery,Books,no,PayPal,6,churned
1749,22633,96,1.85,United Kingdom,42,Male,Missing?,Referral,Toys,Outdoor,no,Credit Card,3,active
1750,22865,96,1.85,United Kingdom,60,Female,Missing?,Referral,Kitchen,Appliances,no,Bank Transfer,5,churned
1751,22867,96,1.85,United Kingdom,28,Female,Missing?,Ads,Electronics,Cables,no,Cash,7,churned
1752,84836,216,1.06,United Kingdom,65,Male,Missing?,Email,Stationery,Pens,no,Credit Card,5,churned
1753,82001S,24,3.39,United Kingdom,79,Female,Missing?,Ads,Stationery,Books,no,PayPal,7,churned
1754,21137,72,3.39,United Kingdom,32,Female,Missing?,Email,Kitchen,Appliances,no,Bank Transfer,8,churned
1755,21284,24,0.42,United Kingdom,69,Male,Missing?,Referral,Kitchen,Utensils,no,Bank Transfer,5,churned
1756,21285,24,0.65,United Kingdom,68,Female,Missing?,Organic,Electronics,Accessories,no,Cash,4,churned
1757,21286,24,0.85,United Kingdom,27,Male,Missing?,Email,Stationery,Books,no,Credit Card,8,churned
1758,21374,24,1.25,United Kingdom,68,Female,Missing?,Email,Clothing,Women,no,Credit Card,7,churned
1759,21846,24,1.25,United Kingdom,19,Male,Missing?,Referral,Kitchen,Storage,no,Cash,8,active
1760,21849,24,1.25,United Kingdom,31,Female,Missing?,Organic,Home Decor,Frames,no,Bank Transfer,8,churned
1761,21851,24,1.25,United Kingdom,45,Female,Missing?,Ads,Electronics,Gadgets,no,Credit Card,5,churned
1762,21850,24,1.25,United Kingdom,51,Female,Missing?,Referral,Stationery,Art,no,Cash,8,churned
1763,21847,24,1.25,United Kingdom,37,Male,Missing?,Ads,Toys,Kids,no,Bank Transfer,4,churned
1764,21992,24,1.25,United Kingdom,66,Male,Missing?,Email,Toys,Kids,no,PayPal,6,active
1765,21993,24,1.25,United Kingdom,24,Female,Missing?,Ads,Electronics,Gadgets,no,PayPal,9,active
1766,21991,24,1.25,United Kingdom,67,Male,Missing?,Ads,Clothing,Kids,no,Credit Card,4,churned
1767,85132A,12,1.95,United Kingdom,55,Female,Missing?,Email,Toys,Outdoor,no,Bank Transfer,3,churned
1768,85132B,12,1.95,United Kingdom,20,Female,Missing?,Referral,Kitchen,Utensils,no,Cash,7,active
1769,85132C,12,1.95,United Kingdom,47,Female,Missing?,Email,Clothing,Kids,no,Cash,3,churned
1770,17091A,36,0.38,United Kingdom,73,Female,Missing?,Organic,Clothing,Women,no,Cash,6,active
1771,17091J,36,0.38,United Kingdom,18,Female,Missing?,Organic,Clothing,Men,no,PayPal,3,churned
1772,85014A,6,5.95,United Kingdom,51,Male,Missing?,Organic,Toys,Kids,no,PayPal,2,churned
1773,85014B,6,5.95,United Kingdom,24,Female,Missing?,Email,Electronics,Cables,no,Cash,8,churned
1774,22121,3,5.95,United Kingdom,28,Female,Missing?,Referral,Kitchen,Storage,yes,Bank Transfer,5,active
1775,22577,36,0.85,United Kingdom,73,Male,Missing?,Ads,Toys,Outdoor,no,PayPal,7,active
1776,22578,36,0.85,United Kingdom,28,Male,Missing?,Ads,Electronics,Accessories,no,Credit Card,2,active
1777,22600,48,0.85,United Kingdom,24,Female,Missing?,Organic,Kitchen,Appliances,no,Credit Card,8,churned
1778,22601,24,0.85,United Kingdom,72,Female,Missing?,Email,Stationery,Art,no,Cash,2,churned
1779,22602,48,0.85,United Kingdom,76,Male,Missing?,Email,Kitchen,Utensils,no,Bank Transfer,9,active
1780,22603,24,0.85,United Kingdom,47,Female,Missing?,Organic,Kitchen,Appliances,no,Cash,3,churned
1781,21955,4,7.95,United Kingdom,44,Female,Missing?,Email,Electronics,Gadgets,no,Credit Card,7,churned
1782,21333,12,2.95,United Kingdom,38,Female,Missing?,Organic,Home Decor,Frames,no,Bank Transfer,6,churned
1783,82482,12,2.55,United Kingdom,70,Female,Missing?,Organic,Home Decor,Decor,no,Bank Transfer,4,active
1784,82494L,24,2.55,United Kingdom,66,Female,Missing?,Ads,Toys,Outdoor,no,PayPal,4,active
1785,22644,24,1.45,United Kingdom,48,Female,Missing?,Email,Home Decor,Lights,yes,PayPal,7,churned
1786,22646,24,1.45,United Kingdom,72,Female,Missing?,Email,Kitchen,Appliances,yes,Credit Card,4,churned
1787,22650,12,1.45,United Kingdom,48,Male,Missing?,Organic,Electronics,Gadgets,no,Cash,4,churned
1788,71053,4,3.75,United Kingdom,56,Female,Missing?,Ads,Home Decor,Lights,no,Bank Transfer,8,churned
1789,20718,30,1.25,United Kingdom,79,Male,Missing?,Ads,Clothing,Women,no,PayPal,6,churned
1790,21777,2,7.95,United Kingdom,77,Male,Missing?,Organic,Electronics,Cables,no,Cash,7,churned
1791,22667,6,2.95,United Kingdom,26,Female,Missing?,Email,Kitchen,Appliances,no,Credit Card,6,churned
1792,21427,6,2.1,United Kingdom,52,Female,Missing?,Email,Stationery,Pens,no,PayPal,5,active
1793,21643,12,1.25,United Kingdom,34,Female,Missing?,Referral,Clothing,Women,no,Credit Card,1,churned
1794,22381,5,2.1,United Kingdom,41,Male,Missing?,Organic,Electronics,Cables,no,PayPal,3,churned
1795,21232,12,1.25,United Kingdom,72,Female,Missing?,Organic,Home Decor,Lights,no,Cash,8,churned
1796,21723,12,0.85,United Kingdom,46,Female,Missing?,Email,Home Decor,Lights,no,Cash,4,churned
1797,22758,12,1.25,United Kingdom,37,Male,Missing?,Referral,Stationery,Books,no,Credit Card,5,churned
1798,22425,3,4.95,United Kingdom,43,Male,Missing?,Referral,Home Decor,Frames,no,Bank Transfer,7,churned
1799,22666,3,2.95,United Kingdom,28,Male,Missing?,Ads,Electronics,Cables,no,Bank Transfer,4,active
1800,22890,1,9.95,United Kingdom,28,Female,Missing?,Ads,Stationery,Books,no,Bank Transfer,3,active
1801,22797,1,16.95,United Kingdom,24,Male,Missing?,Ads,Kitchen,Utensils,no,Credit Card,3,churned
1802,22617,2,4.95,United Kingdom,39,Male,Missing?,Referral,Clothing,Women,no,Credit Card,8,churned
1803,22197,1,0.85,United Kingdom,31,Female,Missing?,Email,Toys,Puzzles,yes,Cash,1,churned
1804,71477,1,3.25,United Kingdom,22,Female,Missing?,Email,Electronics,Gadgets,no,Cash,1,churned
1805,22138,2,4.95,United Kingdom,62,Female,Missing?,Referral,Stationery,Books,no,Credit Card,2,churned
1806,22646,1,1.45,United Kingdom,70,Female,Missing?,Email,Stationery,Books,no,PayPal,8,active
1807,48188,10,6.75,United Kingdom,49,Female,Missing?,Organic,Electronics,Gadgets,no,Cash,1,active
1808,22692,10,6.75,United Kingdom,47,Male,Missing?,Email,Clothing,Kids,yes,PayPal,5,active
1809,21704,1,0.85,United Kingdom,72,Male,Missing?,Organic,Electronics,Accessories,no,Bank Transfer,4,churned
1810,22891,1,4.25,United Kingdom,69,Male,Regular,Ads,Kitchen,Storage,no,PayPal,6,active
1811,48116,10,6.75,United Kingdom,77,Female,VIP,Organic,Kitchen,Appliances,yes,Bank Transfer,9,active
1812,22690,10,6.75,United Kingdom,37,Female,New,Ads,Home Decor,Lights,no,Bank Transfer,7,churned
1813,35400,4,7.95,United Kingdom,27,Female,New,Email,Clothing,Kids,no,Bank Transfer,1,active
1814,37450,1,2.95,United Kingdom,74,Male,Regular,Organic,Toys,Kids,no,PayPal,4,active
1815,22649,1,4.95,United Kingdom,44,Female,Regular,Email,Toys,Outdoor,no,Credit Card,7,active
1816,21232,4,1.25,United Kingdom,62,Male,VIP,Referral,Toys,Kids,no,Credit Card,9,churned
1817,84991,24,0.55,United Kingdom,70,Male,New,Organic,Home Decor,Frames,no,PayPal,4,churned
1818,22283,2,7.95,United Kingdom,21,Female,New,Email,Toys,Outdoor,no,Cash,6,churned
1819,47566,5,4.65,United Kingdom,65,Female,New,Organic,Kitchen,Utensils,no,Cash,4,active
1820,21407,3,4.25,United Kingdom,20,Female,Regular,Organic,Home Decor,Frames,no,Cash,9,churned
1821,21116,3,4.95,United Kingdom,67,Female,Regular,Organic,Kitchen,Appliances,no,Credit Card,6,churned
1822,21115,2,6.75,United Kingdom,76,Female,VIP,Organic,Kitchen,Utensils,no,Bank Transfer,9,churned
1823,85175,16,0.42,United Kingdom,23,Female,VIP,Referral,Electronics,Accessories,no,Bank Transfer,8,churned
1824,22457,6,2.95,United Kingdom,79,Female,Regular,Email,Stationery,Pens,no,Cash,5,active
1825,22456,3,4.95,United Kingdom,37,Female,VIP,Organic,Stationery,Books,no,Bank Transfer,2,churned
1826,22605,1,14.95,United Kingdom,73,Male,New,Ads,Kitchen,Appliances,no,Credit Card,7,active
1827,21911,12,1.65,United Kingdom,24,Male,New,Ads,Home Decor,Lights,no,PayPal,9,churned
1828,22940,4,4.25,United Kingdom,49,Female,New,Email,Toys,Puzzles,no,Bank Transfer,8,churned
1829,21804,6,3.75,United Kingdom,69,Male,New,Organic,Clothing,Kids,no,Bank Transfer,5,active
1830,21808,6,3.75,United Kingdom,71,Male,New,Ads,Stationery,Art,no,Bank Transfer,2,churned
1831,21361,1,12.75,United Kingdom,48,Female,VIP,Email,Kitchen,Utensils,no,Cash,8,active
1832,21363,3,4.95,United Kingdom,54,Female,Regular,Ads,Kitchen,Storage,no,Credit Card,4,churned
1833,22556,12,1.65,United Kingdom,55,Female,Regular,Ads,Electronics,Gadgets,no,Bank Transfer,9,churned
1834,20970,4,3.75,United Kingdom,19,Male,Regular,Ads,Electronics,Cables,no,Bank Transfer,1,churned
1835,22149,6,2.1,United Kingdom,51,Male,VIP,Ads,Stationery,Books,no,Credit Card,9,churned
1836,20971,12,1.25,United Kingdom,77,Male,New,Email,Kitchen,Utensils,no,Credit Card,9,churned
1837,10133,10,0.85,United Kingdom,36,Male,New,Organic,Stationery,Books,no,Bank Transfer,5,churned
1838,20981,12,0.85,United Kingdom,66,Male,VIP,Email,Kitchen,Utensils,yes,Bank Transfer,7,churned
1839,22557,12,1.65,United Kingdom,30,Male,Regular,Email,Home Decor,Frames,no,Credit Card,1,churned
1840,48185,2,7.95,United Kingdom,28,Female,Regular,Organic,Kitchen,Storage,no,Credit Card,9,churned
1841,47567B,3,5.95,United Kingdom,32,Male,Regular,Email,Home Decor,Lights,no,PayPal,9,active
1842,47559B,10,1.25,United Kingdom,44,Female,New,Referral,Electronics,Accessories,no,Cash,3,active
1843,47566B,5,4.65,United Kingdom,48,Male,New,Referral,Toys,Kids,no,Cash,7,churned
1844,47580,6,2.55,United Kingdom,71,Female,VIP,Ads,Toys,Outdoor,no,Credit Card,2,churned
1845,47570B,2,10.65,United Kingdom,69,Female,VIP,Referral,Stationery,Books,no,Bank Transfer,1,active
1846,21977,24,0.55,United Kingdom,56,Male,VIP,Ads,Kitchen,Utensils,no,Cash,5,active
1847,21975,24,0.55,United Kingdom,63,Female,VIP,Organic,Electronics,Accessories,no,Bank Transfer,6,active
1848,84032A,12,2.95,United Kingdom,67,Male,VIP,Organic,Stationery,Books,no,Credit Card,5,churned
1849,84032B,12,2.95,United Kingdom,44,Male,New,Organic,Stationery,Art,no,Cash,4,churned
1850,22749,16,3.75,United Kingdom,25,Female,Regular,Organic,Toys,Kids,no,Cash,3,active
1851,22940,16,4.25,United Kingdom,68,Female,Regular,Email,Electronics,Gadgets,no,PayPal,7,churned
1852,22568,8,3.75,United Kingdom,70,Male,Regular,Email,Stationery,Art,yes,PayPal,7,churned
1853,22569,8,3.75,United Kingdom,79,Female,VIP,Organic,Electronics,Cables,no,Credit Card,6,churned
1854,22585,48,1.25,United Kingdom,65,Female,New,Referral,Home Decor,Lights,no,Bank Transfer,9,active
1855,22624,12,7.65,United Kingdom,35,Female,Regular,Ads,Clothing,Women,no,PayPal,4,active
1856,22088,24,2.95,United Kingdom,37,Female,New,Organic,Toys,Puzzles,no,Credit Card,6,churned
1857,22652,24,1.65,United Kingdom,77,Female,New,Organic,Toys,Outdoor,no,Bank Transfer,2,active
1858,22910,24,2.95,United Kingdom,68,Female,New,Email,Home Decor,Frames,no,Cash,9,churned
1859,22909,24,0.85,United Kingdom,46,Female,VIP,Referral,Toys,Puzzles,no,Cash,3,active
1860,85014A,24,5.95,United Kingdom,45,Female,New,Referral,Home Decor,Frames,no,PayPal,4,churned
1861,85014B,24,5.95,United Kingdom,34,Female,VIP,Email,Clothing,Kids,no,Cash,8,churned
1862,22366,40,6.75,United Kingdom,45,Male,VIP,Ads,Stationery,Art,no,Bank Transfer,5,churned
1863,21523,20,6.75,United Kingdom,49,Male,Regular,Organic,Stationery,Art,no,Cash,5,churned
1864,21258,1,12.75,Germany,37,Female,VIP,Ads,Kitchen,Storage,no,Bank Transfer,6,active
1865,35400,4,7.95,United Kingdom,25,Male,VIP,Email,Stationery,Books,no,Cash,3,active
1866,22139,1,4.95,United Kingdom,22,Male,New,Organic,Kitchen,Appliances,no,Cash,5,churned
1867,22154,49,0.42,United Kingdom,28,Female,Regular,Email,Electronics,Gadgets,no,PayPal,6,churned
1868,22156,36,0.85,United Kingdom,61,Female,Regular,Email,Electronics,Cables,no,PayPal,4,churned
1869,22127,1,1.25,United Kingdom,72,Female,Regular,Ads,Home Decor,Lights,no,Credit Card,6,churned
1870,22139,3,4.95,United Kingdom,32,Male,VIP,Email,Clothing,Kids,no,Credit Card,4,churned
1871,22099,3,1.25,United Kingdom,53,Male,Regular,Organic,Home Decor,Lights,no,PayPal,6,churned
1872,22760,1,12.75,United Kingdom,52,Female,Regular,Email,Clothing,Men,no,Credit Card,7,active
1873,22769,1,24.95,United Kingdom,31,Female,VIP,Email,Home Decor,Frames,no,Credit Card,6,churned
1874,21907,2,2.1,United Kingdom,52,Male,New,Referral,Toys,Kids,yes,Credit Card,1,churned
1875,21975,24,0.55,Germany,75,Male,Regular,Ads,Clothing,Women,no,Cash,4,churned
1876,21976,24,0.55,Germany,74,Male,New,Ads,Clothing,Men,no,Bank Transfer,2,churned
1877,22952,24,0.55,Germany,76,Male,Regular,Referral,Kitchen,Appliances,no,Cash,4,churned
1878,20702,6,4.25,Germany,43,Female,New,Organic,Stationery,Books,no,Cash,9,active
1879,20711,10,1.95,Germany,23,Male,New,Ads,Stationery,Art,no,Bank Transfer,6,churned
1880,84341B,12,0.85,Germany,51,Female,VIP,Referral,Stationery,Books,no,Credit Card,1,churned
1881,21788,24,0.85,Germany,66,Male,VIP,Email,Kitchen,Appliances,no,PayPal,8,active
1882,21789,24,0.85,Germany,27,Female,Regular,Referral,Home Decor,Decor,no,PayPal,2,active
1883,22326,18,2.95,Germany,46,Female,New,Email,Kitchen,Utensils,no,PayPal,7,churned
1884,22139,12,4.95,Germany,66,Female,VIP,Referral,Clothing,Women,no,Bank Transfer,9,churned
1885,22556,12,1.65,Germany,66,Male,Regular,Ads,Home Decor,Decor,no,Bank Transfer,4,churned
1886,21481,6,2.95,Germany,79,Female,New,Referral,Home Decor,Decor,no,PayPal,3,churned
1887,79191C,12,0.85,Germany,62,Female,VIP,Organic,Toys,Kids,no,Credit Card,5,churned
1888,20712,10,1.95,Germany,74,Female,VIP,Organic,Clothing,Men,no,Bank Transfer,4,active
1889,21731,12,1.65,Germany,27,Female,VIP,Ads,Toys,Puzzles,no,Credit Card,3,churned
1890,22620,12,1.25,Germany,25,Male,New,Organic,Electronics,Gadgets,no,Credit Card,7,churned
1891,22328,6,2.95,Germany,38,Female,New,Email,Home Decor,Frames,no,Credit Card,7,churned
1892,22492,36,0.65,Germany,40,Female,New,Ads,Stationery,Books,no,Credit Card,4,churned
1893,22865,12,2.1,Germany,42,Male,Regular,Referral,Toys,Outdoor,no,Cash,6,churned
1894,POST,3,18,Germany,72,Female,New,Referral,Electronics,Accessories,no,Bank Transfer,2,churned
1895,22943,1,4.95,United Kingdom,57,Female,VIP,Email,Electronics,Cables,no,PayPal,8,active
1896,22301,2,2.55,United Kingdom,66,Female,Regular,Ads,Stationery,Books,no,Bank Transfer,6,active
1897,22300,1,2.55,United Kingdom,21,Female,Regular,Email,Clothing,Men,no,PayPal,9,churned
1898,21385,24,0.85,United Kingdom,64,Male,Regular,Referral,Home Decor,Lights,no,Cash,6,churned
1899,20723,10,0.85,United Kingdom,74,Female,VIP,Organic,Stationery,Pens,no,Cash,6,active
1900,22356,10,0.85,United Kingdom,68,Male,New,Referral,Home Decor,Frames,no,PayPal,1,active
1901,22776,3,9.95,United Kingdom,40,Male,New,Ads,Electronics,Accessories,no,PayPal,7,churned
1902,72760B,2,9.95,United Kingdom,32,Female,Regular,Referral,Home Decor,Lights,no,Cash,1,churned
1903,22297,24,1.25,United Kingdom,29,Male,New,Referral,Clothing,Men,no,Credit Card,8,active
1904,22294,24,1.25,United Kingdom,51,Female,New,Ads,Kitchen,Appliances,no,Credit Card,7,churned
1905,84836,12,1.25,United Kingdom,26,Female,New,Referral,Stationery,Art,no,Bank Transfer,7,churned
1906,22890,6,9.95,United Kingdom,23,Female,New,Email,Stationery,Books,no,Cash,1,active
1907,21527,12,6.95,United Kingdom,56,Female,New,Referral,Kitchen,Storage,no,Cash,8,churned
1908,22061,4,9.95,United Kingdom,55,Female,New,Referral,Toys,Puzzles,no,Cash,6,active
1909,22649,24,4.25,United Kingdom,38,Male,New,Organic,Toys,Outdoor,no,PayPal,9,churned
1910,22644,72,1.25,United Kingdom,58,Male,VIP,Ads,Kitchen,Appliances,no,Cash,6,active
1911,22646,72,1.25,United Kingdom,43,Female,Regular,Email,Clothing,Women,no,Credit Card,5,churned
1912,21232,72,1.06,United Kingdom,20,Female,VIP,Ads,Toys,Outdoor,no,Credit Card,2,churned
1913,21231,72,1.06,United Kingdom,33,Male,New,Ads,Electronics,Accessories,no,PayPal,8,churned
1914,22604,48,2.1,United Kingdom,49,Female,Regular,Ads,Stationery,Art,no,PayPal,3,active
1915,22689,10,6.75,United Kingdom,77,Female,New,Email,Stationery,Art,no,Bank Transfer,9,active
1916,22943,8,4.95,United Kingdom,71,Male,VIP,Email,Stationery,Pens,yes,PayPal,7,churned
1917,22941,8,8.5,United Kingdom,51,Male,New,Email,Stationery,Art,no,Bank Transfer,9,churned
1918,22942,8,8.5,United Kingdom,31,Female,VIP,Organic,Toys,Puzzles,no,Cash,3,active
1919,22780,12,4.25,United Kingdom,69,Male,Regular,Email,Kitchen,Storage,no,PayPal,2,churned
1920,22779,12,4.25,United Kingdom,35,Male,New,Organic,Toys,Puzzles,no,PayPal,4,churned
1921,21754,12,5.95,United Kingdom,22,Male,New,Organic,Kitchen,Utensils,no,PayPal,5,active
1922,22086,80,2.55,United Kingdom,19,Male,VIP,Ads,Stationery,Art,yes,Credit Card,1,churned
1923,22752,2,8.5,United Kingdom,59,Female,VIP,Email,Toys,Outdoor,no,Credit Card,7,active
1924,22153,48,0.42,United Kingdom,78,Female,VIP,Ads,Stationery,Art,no,Bank Transfer,8,churned
1925,22154,48,0.42,United Kingdom,74,Female,Regular,Referral,Stationery,Art,no,PayPal,4,churned
1926,21755,18,5.45,United Kingdom,66,Female,New,Organic,Home Decor,Decor,yes,Cash,3,churned
1927,84884A,5,3.95,United Kingdom,58,Female,Regular,Organic,Electronics,Accessories,no,Cash,6,active
1928,84946,12,1.25,United Kingdom,50,Male,Regular,Referral,Toys,Puzzles,no,Bank Transfer,6,churned
1929,22911,40,2.55,United Kingdom,35,Male,VIP,Ads,Electronics,Accessories,no,Credit Card,2,churned
1930,21824,24,1.45,United Kingdom,79,Male,Regular,Email,Electronics,Gadgets,yes,Credit Card,5,active
1931,85039A,72,0.42,United Kingdom,74,Female,New,Ads,Electronics,Cables,no,Cash,3,churned
1932,35400,2,8.95,United Kingdom,42,Female,Regular,Referral,Home Decor,Lights,no,Bank Transfer,3,churned
1933,21535,6,2.55,United Kingdom,34,Female,Regular,Ads,Home Decor,Frames,no,Cash,2,active
1934,21115,2,6.75,United Kingdom,50,Male,Regular,Organic,Home Decor,Lights,no,Bank Transfer,7,churned
1935,85152,12,2.1,United Kingdom,74,Female,Regular,Organic,Kitchen,Storage,no,Cash,9,churned
1936,21174,12,1.95,United Kingdom,34,Female,Regular,Organic,Home Decor,Decor,no,Cash,1,churned
1937,85172,16,0.42,United Kingdom,19,Female,VIP,Ads,Stationery,Books,no,Bank Transfer,9,churned
1938,22692,2,7.95,United Kingdom,43,Female,Regular,Organic,Kitchen,Utensils,no,Bank Transfer,8,churned
1939,48187,2,7.95,United Kingdom,29,Male,New,Email,Kitchen,Utensils,no,Bank Transfer,7,churned
1940,48184,2,7.95,United Kingdom,60,Female,New,Ads,Home Decor,Lights,yes,Credit Card,5,churned
1941,21868,24,1.25,United Kingdom,27,Male,New,Referral,Kitchen,Utensils,no,Credit Card,8,churned
1942,22296,24,1.65,United Kingdom,51,Male,New,Referral,Electronics,Gadgets,no,Bank Transfer,5,churned
1943,22297,24,1.25,United Kingdom,78,Female,VIP,Referral,Home Decor,Decor,no,Bank Transfer,8,churned
1944,82483,4,5.95,United Kingdom,19,Female,New,Organic,Clothing,Men,no,Bank Transfer,3,active
1945,82486,6,7.95,United Kingdom,66,Male,VIP,Ads,Electronics,Gadgets,no,Credit Card,8,active
1946,21731,12,1.65,Sweden,74,Female,New,Referral,Electronics,Cables,yes,PayPal,1,churned
1947,22646,12,1.45,Sweden,46,Male,VIP,Organic,Toys,Kids,no,PayPal,4,churned
1948,22232,8,1.65,Sweden,69,Female,Regular,Organic,Clothing,Men,no,Credit Card,2,active
1949,22231,12,1.45,Sweden,46,Male,New,Email,Home Decor,Lights,yes,PayPal,1,active
1950,22325,3,4.95,Sweden,38,Female,Regular,Referral,Clothing,Women,no,PayPal,8,churned
1951,22317,6,2.95,Sweden,67,Male,New,Email,Electronics,Accessories,no,Cash,8,churned
1952,21249,6,2.95,Sweden,25,Female,VIP,Email,Electronics,Cables,no,Credit Card,2,churned
1953,21251,6,2.95,Sweden,44,Male,VIP,Ads,Electronics,Gadgets,no,PayPal,2,active
1954,84945,12,0.85,Sweden,74,Female,New,Organic,Toys,Puzzles,no,PayPal,9,active
1955,84971S,24,0.85,Sweden,64,Male,Regular,Ads,Home Decor,Frames,no,Cash,4,churned
1956,22163,6,2.95,Sweden,39,Male,New,Ads,Electronics,Cables,no,PayPal,2,active
1957,22151,24,0.42,Sweden,52,Male,VIP,Organic,Electronics,Accessories,yes,Bank Transfer,9,active
1958,22152,24,0.42,Sweden,23,Female,VIP,Email,Electronics,Gadgets,no,Cash,9,churned
1959,22593,12,0.85,Sweden,27,Male,Regular,Referral,Toys,Outdoor,no,Bank Transfer,4,active
1960,22594,12,0.85,Sweden,32,Female,VIP,Organic,Stationery,Pens,no,PayPal,3,churned
1961,22595,12,0.85,Sweden,45,Male,New,Ads,Stationery,Books,no,Bank Transfer,3,churned
1962,22600,12,0.85,Sweden,40,Female,New,Organic,Toys,Puzzles,no,Credit Card,7,active
1963,22602,12,0.85,Sweden,25,Female,VIP,Ads,Stationery,Art,no,Bank Transfer,5,churned
1964,22603,12,0.85,Sweden,60,Female,New,Email,Clothing,Men,no,Cash,3,churned
1965,22577,12,0.85,Sweden,69,Male,New,Email,Kitchen,Appliances,no,Bank Transfer,5,churned
1966,22578,12,0.85,Sweden,39,Male,VIP,Email,Clothing,Kids,yes,PayPal,1,churned
1967,22597,12,0.85,Sweden,76,Male,New,Referral,Home Decor,Frames,no,PayPal,3,churned
1968,22599,12,0.85,Sweden,74,Female,New,Email,Toys,Outdoor,no,PayPal,1,churned
1969,22572,12,0.85,Sweden,34,Female,New,Organic,Kitchen,Appliances,no,Cash,2,churned
1970,22571,12,0.85,Sweden,58,Male,VIP,Ads,Clothing,Women,yes,PayPal,8,churned
1971,84832,12,0.85,Sweden,35,Male,VIP,Email,Toys,Outdoor,no,Bank Transfer,1,churned
1972,84836,12,1.25,Sweden,38,Male,Regular,Email,Kitchen,Appliances,no,Bank Transfer,9,active
1973,85132B,1,9.95,Sweden,47,Female,Regular,Email,Kitchen,Appliances,no,Credit Card,1,churned
1974,85123A,6,2.95,Sweden,46,Male,Regular,Email,Kitchen,Appliances,no,Bank Transfer,6,churned
1975,84970L,12,0.95,Sweden,18,Male,New,Ads,Clothing,Women,no,Credit Card,6,active
1976,84970S,12,0.85,Sweden,74,Female,Regular,Organic,Stationery,Art,no,PayPal,7,churned
1977,21488,4,3.95,Sweden,52,Male,VIP,Ads,Kitchen,Appliances,no,PayPal,9,active
1978,84029G,4,3.75,Sweden,56,Male,VIP,Email,Toys,Puzzles,yes,Cash,5,churned
1979,22464,12,1.65,Sweden,45,Male,Regular,Organic,Clothing,Women,no,Credit Card,5,churned
1980,35832,12,2.95,Sweden,22,Female,New,Organic,Home Decor,Lights,no,Cash,6,active
1981,22580,3,5.95,Sweden,40,Female,Regular,Email,Toys,Outdoor,no,Bank Transfer,5,active
1982,20846,12,1.25,Sweden,32,Male,New,Email,Kitchen,Utensils,no,Cash,9,active
1983,22499,3,5.95,Sweden,48,Male,New,Referral,Clothing,Kids,no,PayPal,8,churned
1984,22059,12,1.49,Sweden,71,Male,VIP,Organic,Toys,Outdoor,no,Bank Transfer,4,active
1985,22488,12,1.65,Sweden,72,Female,Regular,Organic,Kitchen,Utensils,no,PayPal,8,churned
1986,22341,12,1.65,Sweden,42,Male,New,Referral,Clothing,Men,no,Cash,3,churned
1987,22470,6,2.95,Sweden,38,Male,VIP,Referral,Kitchen,Utensils,yes,Cash,4,churned
1988,POST,3,40,Sweden,35,Male,VIP,Referral,Clothing,Men,no,Credit Card,9,churned
1989,22551,12,1.65,Italy,32,Male,New,Email,Home Decor,Frames,no,Credit Card,2,active
1990,22634,2,9.95,Italy,53,Male,Regular,Referral,Clothing,Women,no,Credit Card,7,active
1991,22380,5,2.1,Italy,51,Female,New,Ads,Electronics,Gadgets,no,Cash,4,active
1992,20725,10,1.65,Italy,49,Male,Regular,Email,Stationery,Books,no,PayPal,1,churned
1993,22382,10,1.65,Italy,73,Male,New,Email,Stationery,Books,no,Cash,6,active
1994,22752,4,8.5,Italy,45,Female,VIP,Ads,Clothing,Kids,no,Credit Card,6,churned
1995,22636,4,8.5,Italy,23,Male,New,Email,Electronics,Cables,no,Credit Card,2,active
1996,21890,6,2.95,Italy,55,Female,New,Organic,Home Decor,Decor,no,Cash,5,active
1997,22620,12,1.25,Italy,44,Female,New,Ads,Toys,Outdoor,no,Credit Card,4,churned
1998,22300,6,2.55,Italy,39,Female,New,Email,Kitchen,Storage,no,PayPal,4,churned
1999,22301,6,2.55,Italy,20,Female,New,Email,Home Decor,Lights,no,Bank Transfer,7,churned
2000,22303,6,2.55,Italy,65,Female,New,Ads,Home Decor,Frames,no,Cash,9,churned
2001,22491,12,0.85,Italy,22,Female,Regular,Email,Stationery,Books,no,Credit Card,2,active
2002,22561,12,1.65,Italy,64,Male,VIP,Ads,Electronics,Cables,no,Bank Transfer,6,active
2003,22635,2,9.95,Italy,45,Male,New,Email,Stationery,Pens,no,Credit Card,2,churned
2004,22556,12,1.65,Italy,66,Male,New,Organic,Kitchen,Storage,yes,Cash,1,active
2005,22664,5,2.1,Italy,47,Female,VIP,Ads,Electronics,Cables,no,Credit Card,3,active
2006,22383,10,1.65,Italy,51,Female,VIP,Email,Toys,Puzzles,yes,PayPal,3,churned
2007,22362,6,2.95,Italy,75,Male,Regular,Email,Electronics,Gadgets,no,PayPal,4,churned
2008,22361,6,2.95,Italy,70,Female,Regular,Referral,Toys,Puzzles,no,Bank Transfer,7,churned
2009,22838,2,14.95,Italy,31,Female,Regular,Organic,Toys,Kids,no,PayPal,6,churned
2010,22842,2,6.75,Italy,36,Male,Regular,Email,Toys,Outdoor,no,Credit Card,1,churned
2011,22840,4,7.95,Italy,28,Female,New,Referral,Stationery,Art,yes,Bank Transfer,9,churned
2012,22070,6,3.75,Italy,54,Male,New,Email,Electronics,Gadgets,no,PayPal,9,churned
2013,22071,6,3.75,Italy,34,Female,VIP,Referral,Toys,Outdoor,no,Cash,9,churned
2014,22321,12,0.85,Italy,49,Male,VIP,Ads,Home Decor,Lights,yes,Credit Card,5,active
2015,22637,6,2.55,Italy,23,Female,VIP,Ads,Toys,Outdoor,no,Bank Transfer,5,churned
2016,21693,12,2.95,Italy,47,Female,New,Organic,Clothing,Women,no,Credit Card,2,churned
2017,21688,12,2.95,Italy,79,Female,VIP,Referral,Stationery,Books,no,PayPal,8,active
2018,84947,12,1.25,Italy,52,Male,VIP,Organic,Clothing,Kids,no,Cash,9,churned
2019,21098,12,1.25,Italy,40,Female,Regular,Ads,Kitchen,Appliances,no,Cash,1,active
2020,22946,2,16.95,Italy,20,Female,New,Organic,Electronics,Cables,yes,Credit Card,9,active
2021,35961,12,0.85,Italy,20,Female,New,Organic,Stationery,Art,no,Cash,8,churned
2022,22294,24,1.25,Italy,77,Male,Regular,Email,Toys,Kids,no,Credit Card,9,churned
2023,22113,4,3.75,Italy,68,Male,New,Ads,Clothing,Kids,no,Cash,9,active
2024,22472,3,4.95,Italy,42,Male,Regular,Organic,Home Decor,Frames,no,PayPal,8,churned
2025,22474,3,4.95,Italy,38,Male,New,Email,Toys,Outdoor,no,PayPal,6,churned
2026,21891,12,1.25,Italy,49,Female,VIP,Email,Kitchen,Appliances,no,PayPal,2,active
2027,22745,6,2.1,Italy,27,Male,VIP,Organic,Home Decor,Frames,no,PayPal,9,churned
2028,22748,6,2.1,Italy,37,Male,VIP,Ads,Kitchen,Utensils,no,Cash,9,active
2029,22553,12,1.65,Italy,52,Male,Regular,Email,Toys,Outdoor,no,Credit Card,4,active
2030,POST,6,28,Italy,57,Female,Regular,Email,Toys,Puzzles,no,Cash,6,churned
2031,22470,12,2.95,United Kingdom,29,Female,Regular,Referral,Kitchen,Storage,no,Bank Transfer,1,churned
2032,22296,24,1.65,United Kingdom,23,Male,VIP,Ads,Home Decor,Lights,no,Cash,9,active
2033,22297,24,1.25,United Kingdom,38,Female,Regular,Email,Stationery,Art,no,Cash,1,active
2034,82494L,6,2.95,United Kingdom,68,Female,Regular,Email,Home Decor,Decor,no,Bank Transfer,4,churned
2035,22173,8,2.95,United Kingdom,22,Female,Regular,Referral,Clothing,Kids,no,Bank Transfer,2,churned
2036,22189,20,3.95,United Kingdom,30,Female,New,Referral,Home Decor,Lights,no,Cash,9,churned
2037,15036,1200,0.65,United Kingdom,31,Female,Regular,Organic,Electronics,Accessories,no,Bank Transfer,9,churned
2038,22580,9,5.95,Sweden,75,Female,VIP,Email,Stationery,Books,no,Bank Transfer,5,churned
2039,22551,12,1.65,Sweden,19,Male,New,Ads,Toys,Puzzles,no,Credit Card,1,churned
2040,22553,12,1.65,Sweden,45,Male,VIP,Email,Electronics,Gadgets,no,Cash,5,active
2041,22555,12,1.65,Sweden,58,Male,VIP,Ads,Stationery,Books,no,Cash,1,churned
2042,22556,12,1.65,Sweden,27,Male,VIP,Email,Stationery,Books,no,PayPal,7,churned
2043,22557,12,1.65,Sweden,75,Female,New,Referral,Home Decor,Decor,no,Cash,6,active
2044,22669,5,2.95,Sweden,33,Male,New,Ads,Stationery,Pens,no,Credit Card,6,churned
2045,22668,10,2.95,Sweden,28,Female,New,Referral,Kitchen,Storage,no,Credit Card,9,churned
2046,22437,20,0.85,Sweden,66,Male,Regular,Ads,Clothing,Women,no,Bank Transfer,9,churned
2047,22547,24,0.42,Sweden,55,Male,VIP,Ads,Home Decor,Lights,no,Cash,5,churned
2048,POST,1,40,Sweden,38,Male,VIP,Referral,Stationery,Art,yes,Cash,3,churned
2049,21239,8,0.85,Italy,77,Female,VIP,Referral,Stationery,Art,yes,Credit Card,7,churned
2050,21243,8,1.69,Italy,20,Female,New,Organic,Kitchen,Utensils,no,Cash,4,churned
2051,84997B,6,3.75,Italy,60,Female,VIP,Ads,Toys,Outdoor,no,Credit Card,9,churned
2052,84997C,12,3.75,Italy,36,Male,VIP,Organic,Electronics,Cables,no,Bank Transfer,7,churned
2053,84997D,12,3.75,Italy,60,Male,New,Email,Electronics,Cables,yes,Bank Transfer,8,churned
2054,21240,8,0.85,Italy,44,Male,Regular,Email,Stationery,Pens,no,Credit Card,5,churned
2055,21244,8,1.69,Italy,64,Male,VIP,Organic,Home Decor,Frames,yes,PayPal,4,active
2056,20675,8,1.25,Italy,69,Female,VIP,Email,Home Decor,Lights,no,Credit Card,9,active
2057,20677,8,1.25,Italy,22,Male,New,Ads,Kitchen,Appliances,no,Cash,1,active
2058,POST,1,28,Italy,47,Female,VIP,Ads,Electronics,Gadgets,no,Credit Card,5,churned
2059,22551,12,1.65,Italy,49,Female,Regular,Email,Stationery,Pens,no,Cash,1,churned
2060,22556,12,1.65,Italy,20,Male,New,Ads,Stationery,Art,no,Credit Card,9,active
2061,22356,10,0.85,Italy,44,Female,Regular,Organic,Kitchen,Utensils,no,PayPal,1,active
2062,22825,2,7.95,United Kingdom,46,Male,Regular,Organic,Stationery,Books,no,PayPal,5,churned
2063,22692,2,7.95,United Kingdom,33,Male,VIP,Referral,Kitchen,Utensils,no,Bank Transfer,7,churned
2064,22943,24,4.25,United Kingdom,70,Male,Regular,Organic,Kitchen,Utensils,no,Credit Card,3,active
2065,22942,24,7.65,United Kingdom,24,Male,Regular,Referral,Electronics,Gadgets,no,PayPal,6,active
2066,22941,24,7.65,United Kingdom,64,Female,Regular,Email,Stationery,Books,no,Cash,3,churned
2067,21179,24,1.25,Ireland,37,Female,VIP,Referral,Kitchen,Storage,no,Bank Transfer,2,active
2068,72815,20,3.75,Ireland,49,Female,VIP,Email,Home Decor,Decor,no,PayPal,2,active
2069,22139,12,4.95,Ireland,39,Female,Regular,Ads,Stationery,Pens,no,PayPal,8,active
2070,22145,24,2.1,Ireland,63,Male,Regular,Ads,Kitchen,Utensils,no,PayPal,3,active
2071,85084,24,0.85,Ireland,29,Female,Regular,Email,Stationery,Art,no,Credit Card,8,churned
2072,21429,16,1.65,Ireland,25,Female,Regular,Ads,Home Decor,Frames,no,PayPal,9,active
2073,21098,24,1.25,Ireland,70,Female,VIP,Referral,Toys,Puzzles,no,Bank Transfer,5,churned
2074,85036A,16,4.25,Ireland,68,Female,New,Organic,Kitchen,Utensils,no,Bank Transfer,5,churned
2075,85036C,18,3.81,Ireland,24,Male,New,Email,Stationery,Art,no,Credit Card,2,active
2076,85036B,12,4.25,Ireland,19,Female,Regular,Referral,Kitchen,Storage,no,PayPal,9,active
2077,22027,24,0.42,Ireland,78,Male,Regular,Referral,Clothing,Kids,no,Cash,5,active
2078,22819,24,0.42,Ireland,20,Male,VIP,Ads,Home Decor,Frames,no,Cash,7,active
2079,21506,24,0.42,Ireland,39,Female,VIP,Organic,Clothing,Men,no,PayPal,1,churned
2080,22983,24,0.42,Ireland,58,Female,VIP,Ads,Electronics,Cables,no,Cash,7,active
2081,22896,18,2.55,Ireland,42,Female,Regular,Ads,Kitchen,Storage,no,PayPal,5,churned
2082,21039,18,2.55,Ireland,71,Male,VIP,Ads,Electronics,Cables,yes,Credit Card,3,churned
2083,21071,12,1.25,Ireland,44,Male,New,Organic,Kitchen,Utensils,no,Cash,6,churned
2084,21080,24,0.85,Ireland,26,Female,VIP,Ads,Electronics,Accessories,no,PayPal,1,churned
2085,21446,24,1.25,Ireland,22,Female,VIP,Ads,Toys,Puzzles,no,PayPal,9,churned
2086,22381,5,2.1,Ireland,35,Female,VIP,Email,Clothing,Men,no,PayPal,3,churned
2087,22355,30,0.85,Ireland,49,Female,Regular,Ads,Home Decor,Frames,no,Bank Transfer,7,active
2088,22189,16,3.95,Ireland,62,Female,VIP,Email,Home Decor,Decor,no,PayPal,6,churned
2089,20751,36,2.1,Ireland,66,Male,New,Ads,Stationery,Books,no,Cash,1,churned
2090,20754,36,2.1,Ireland,68,Male,Regular,Organic,Toys,Outdoor,no,PayPal,9,active
2091,22632,24,2.1,Ireland,21,Male,VIP,Referral,Electronics,Gadgets,no,Cash,4,churned
2092,35832,12,2.95,Ireland,21,Male,Regular,Organic,Electronics,Cables,no,PayPal,1,active
2093,22112,24,4.25,Ireland,35,Female,Regular,Organic,Electronics,Gadgets,no,Credit Card,3,churned
2094,22114,48,3.45,Ireland,39,Male,Regular,Organic,Clothing,Kids,yes,Bank Transfer,4,churned
2095,22591,36,2.55,Ireland,23,Male,Regular,Ads,Toys,Puzzles,no,Bank Transfer,1,active
2096,21733,64,2.55,Ireland,20,Male,VIP,Referral,Home Decor,Lights,no,PayPal,2,churned
2097,85123A,64,2.55,Ireland,70,Female,New,Organic,Clothing,Men,no,PayPal,5,churned
2098,85150,24,2.55,Ireland,77,Male,Regular,Ads,Electronics,Gadgets,no,PayPal,4,churned
2099,22696,30,1.95,Ireland,34,Male,Regular,Ads,Home Decor,Decor,no,Bank Transfer,9,churned
2100,22423,16,10.95,Ireland,45,Male,New,Referral,Kitchen,Storage,yes,PayPal,6,churned
2101,22309,24,2.55,Ireland,78,Male,Regular,Ads,Kitchen,Storage,no,PayPal,7,active
2102,21891,24,1.25,Ireland,41,Male,VIP,Referral,Kitchen,Storage,no,Bank Transfer,5,churned
2103,21704,36,0.85,Ireland,36,Female,New,Organic,Toys,Kids,no,PayPal,9,active
2104,22620,36,1.25,Ireland,61,Male,New,Organic,Toys,Kids,no,Bank Transfer,3,churned
2105,21791,36,1.25,Ireland,30,Male,VIP,Ads,Clothing,Kids,no,Bank Transfer,2,churned
2106,21892,36,1.25,Ireland,47,Female,VIP,Email,Stationery,Art,no,Cash,8,active
2107,22130,48,0.85,Ireland,19,Male,Regular,Ads,Stationery,Books,no,PayPal,9,active
2108,22186,24,2.95,Ireland,20,Female,New,Ads,Stationery,Art,no,Cash,8,churned
2109,21741,24,2.95,Ireland,55,Female,Regular,Organic,Clothing,Women,no,Bank Transfer,3,churned
2110,22449,18,3.35,Ireland,41,Male,Regular,Email,Kitchen,Appliances,no,PayPal,7,churned
2111,21107,24,2.55,Ireland,22,Male,Regular,Email,Electronics,Accessories,no,Cash,5,churned
2112,84077,48,0.29,Ireland,57,Male,Regular,Referral,Electronics,Gadgets,yes,Bank Transfer,3,active
2113,22637,24,2.55,Ireland,34,Male,VIP,Ads,Clothing,Women,no,Cash,9,active
2114,85199S,24,0.42,Ireland,36,Male,New,Organic,Kitchen,Appliances,no,PayPal,7,churned
2115,20681,18,3.25,Ireland,42,Male,New,Email,Clothing,Kids,no,Cash,6,active
2116,21730,18,4.25,Ireland,58,Male,New,Email,Kitchen,Utensils,no,PayPal,1,active
2117,22419,48,0.42,Ireland,25,Male,VIP,Referral,Toys,Outdoor,no,Cash,3,active
2118,22421,48,0.42,Ireland,37,Female,VIP,Organic,Kitchen,Storage,no,Credit Card,7,churned
2119,22904,24,2.95,Ireland,32,Male,Regular,Email,Electronics,Gadgets,no,Cash,2,active
2120,21832,24,1.65,Ireland,52,Female,VIP,Email,Kitchen,Utensils,no,PayPal,2,active
2121,22652,20,1.65,Ireland,51,Male,VIP,Organic,Kitchen,Appliances,yes,Cash,5,churned
2122,22444,24,1.25,Ireland,67,Male,Regular,Referral,Kitchen,Storage,no,Credit Card,7,churned
2123,22030,24,0.42,Ireland,41,Male,New,Organic,Electronics,Gadgets,yes,PayPal,6,active
2124,22818,36,0.42,Ireland,67,Male,Regular,Email,Toys,Puzzles,yes,Bank Transfer,6,churned
2125,22627,4,8.5,Ireland,26,Female,New,Ads,Stationery,Art,no,Cash,5,churned
2126,85014B,3,5.95,Ireland,55,Male,Regular,Ads,Electronics,Accessories,no,Bank Transfer,9,churned
2127,85014A,3,5.95,Ireland,22,Female,VIP,Ads,Toys,Outdoor,yes,Credit Card,9,churned
2128,85064,4,5.45,United Kingdom,45,Male,Regular,Organic,Toys,Outdoor,no,Credit Card,2,churned
2129,35400,4,8.95,United Kingdom,26,Female,Regular,Referral,Toys,Puzzles,no,Bank Transfer,4,churned
2130,22121,3,5.95,United Kingdom,79,Female,Regular,Email,Stationery,Art,no,Credit Card,3,churned
2131,72818,12,0.85,United Kingdom,42,Female,New,Organic,Kitchen,Utensils,no,Bank Transfer,7,churned
2132,85084,24,0.85,United Kingdom,55,Male,New,Email,Toys,Kids,no,Credit Card,7,churned
2133,22862,4,4.25,United Kingdom,27,Female,Regular,Referral,Home Decor,Decor,no,Bank Transfer,3,active
2134,22130,12,0.85,United Kingdom,64,Male,VIP,Ads,Stationery,Art,no,Credit Card,1,active
2135,22588,6,2.55,United Kingdom,52,Female,Regular,Email,Stationery,Books,no,Cash,9,active
2136,22804,6,2.95,United Kingdom,56,Male,New,Ads,Clothing,Women,no,Bank Transfer,9,active
2137,47566B,5,4.65,United Kingdom,74,Male,Regular,Organic,Home Decor,Decor,no,Credit Card,7,churned
2138,47559B,10,1.25,United Kingdom,22,Male,VIP,Organic,Clothing,Women,no,PayPal,1,active
2139,47566,5,4.65,United Kingdom,53,Male,Regular,Email,Home Decor,Lights,no,Credit Card,7,active
2140,82483,4,5.95,United Kingdom,71,Female,Regular,Referral,Stationery,Books,yes,PayPal,2,churned
2141,82486,2,7.95,United Kingdom,63,Female,New,Ads,Toys,Puzzles,no,Cash,4,active
2142,72741,18,1.45,United Kingdom,39,Male,Regular,Organic,Home Decor,Frames,no,PayPal,3,churned
2143,47556B,12,2.95,United Kingdom,59,Male,Regular,Organic,Electronics,Cables,no,Bank Transfer,5,churned
2144,82494L,6,2.95,United Kingdom,29,Male,VIP,Referral,Home Decor,Decor,no,Cash,3,churned
2145,21034,1,0.95,United Kingdom,38,Female,VIP,Referral,Clothing,Kids,no,PayPal,3,churned
2146,22035,12,0.42,United Kingdom,76,Female,VIP,Organic,Kitchen,Utensils,no,PayPal,2,churned
2147,22037,12,0.42,United Kingdom,32,Female,New,Organic,Toys,Outdoor,yes,Credit Card,2,active
2148,21912,2,3.75,United Kingdom,75,Male,VIP,Ads,Clothing,Women,no,Cash,3,churned
2149,22550,2,3.75,United Kingdom,60,Female,Regular,Email,Stationery,Books,no,Credit Card,8,churned
2150,22622,2,9.95,United Kingdom,39,Female,VIP,Ads,Electronics,Cables,no,Bank Transfer,3,active
2151,22444,24,1.25,United Kingdom,23,Female,VIP,Referral,Clothing,Women,no,Cash,4,active
2152,21804,3,3.75,United Kingdom,68,Female,VIP,Ads,Stationery,Art,no,Cash,4,churned
2153,22734,3,2.55,United Kingdom,31,Female,New,Ads,Clothing,Kids,no,PayPal,6,active
2154,22952,7,0.55,United Kingdom,71,Female,Regular,Email,Home Decor,Frames,no,Cash,6,active
2155,21808,3,3.75,United Kingdom,46,Male,New,Referral,Home Decor,Lights,no,Bank Transfer,6,active
2156,22694,5,2.1,United Kingdom,68,Male,New,Referral,Stationery,Books,no,Cash,9,churned
2157,22441,2,2.1,United Kingdom,77,Female,VIP,Organic,Kitchen,Appliances,no,Cash,7,active
2158,22862,2,4.25,United Kingdom,75,Male,VIP,Referral,Toys,Puzzles,yes,Cash,4,churned
2159,21591,8,1.25,United Kingdom,67,Male,Regular,Email,Electronics,Accessories,no,PayPal,5,active
2160,22950,1,1.45,United Kingdom,50,Female,Regular,Ads,Clothing,Women,no,PayPal,3,churned
2161,22909,12,0.85,United Kingdom,57,Male,New,Organic,Clothing,Men,no,Credit Card,3,churned
2162,22470,8,2.95,United Kingdom,39,Male,VIP,Organic,Toys,Outdoor,no,PayPal,2,churned
2163,22099,6,1.25,United Kingdom,54,Male,VIP,Email,Electronics,Accessories,no,Cash,9,active
2164,35400,2,8.95,United Kingdom,22,Female,VIP,Email,Stationery,Art,no,Bank Transfer,2,churned
2165,21868,6,1.25,United Kingdom,52,Male,New,Email,Home Decor,Frames,no,Credit Card,1,churned
2166,21871,6,1.25,United Kingdom,66,Female,Regular,Email,Clothing,Kids,no,Credit Card,1,churned
2167,22862,2,4.25,United Kingdom,59,Female,New,Referral,Home Decor,Decor,no,PayPal,9,churned
2168,22694,5,2.1,United Kingdom,40,Male,Regular,Referral,Clothing,Women,no,Bank Transfer,7,active
2169,22444,24,1.25,United Kingdom,56,Male,VIP,Organic,Clothing,Men,no,Bank Transfer,1,churned
2170,75049L,54,1.25,United Kingdom,52,Male,Regular,Email,Stationery,Art,no,PayPal,8,churned
2171,21231,12,1.25,United Kingdom,26,Female,VIP,Organic,Kitchen,Storage,no,Cash,3,churned
2172,22865,12,2.1,United Kingdom,73,Female,VIP,Referral,Toys,Outdoor,no,PayPal,5,churned
2173,22834,12,2.1,United Kingdom,65,Female,New,Organic,Home Decor,Lights,yes,Credit Card,9,churned
2174,35832,24,2.95,United Kingdom,70,Female,VIP,Referral,Kitchen,Storage,no,Cash,2,active
2175,84625C,24,0.85,United Kingdom,76,Female,Regular,Referral,Clothing,Kids,no,Cash,9,active
2176,22632,12,2.1,United Kingdom,59,Male,New,Organic,Stationery,Books,no,Credit Card,1,churned
2177,22985,25,0.42,United Kingdom,24,Male,VIP,Referral,Clothing,Men,no,Cash,6,churned
2178,22959,25,0.42,United Kingdom,26,Female,VIP,Ads,Electronics,Gadgets,no,PayPal,1,churned
2179,22318,6,2.95,United Kingdom,60,Female,Regular,Organic,Home Decor,Lights,no,Cash,1,active
2180,22383,10,1.65,United Kingdom,29,Female,New,Organic,Clothing,Kids,no,PayPal,5,churned
2181,22382,10,1.65,United Kingdom,59,Female,New,Referral,Electronics,Cables,no,PayPal,9,churned
2182,22077,12,1.65,United Kingdom,45,Male,Regular,Email,Electronics,Cables,no,Bank Transfer,4,churned
2183,21781,1,14.95,United Kingdom,66,Male,VIP,Email,Electronics,Cables,no,Bank Transfer,1,active
2184,85123A,6,2.95,United Kingdom,68,Female,Regular,Organic,Toys,Outdoor,no,Cash,4,churned
2185,22086,6,2.95,United Kingdom,52,Female,Regular,Email,Kitchen,Utensils,no,PayPal,9,active
2186,84347,36,2.55,United Kingdom,56,Female,New,Email,Clothing,Men,no,Credit Card,5,churned
2187,21547,6,2.95,United Kingdom,57,Female,Regular,Organic,Stationery,Pens,no,Credit Card,1,churned
2188,72741,9,1.45,United Kingdom,40,Female,New,Ads,Home Decor,Decor,no,Bank Transfer,7,churned
2189,22654,3,5.95,United Kingdom,29,Male,New,Referral,Kitchen,Appliances,no,PayPal,1,churned
2190,22444,24,1.25,United Kingdom,49,Male,New,Ads,Electronics,Accessories,no,Cash,6,active
2191,22145,6,2.1,Italy,77,Male,VIP,Referral,Electronics,Cables,no,Credit Card,6,active
2192,22306,6,1.95,Italy,36,Female,New,Email,Electronics,Accessories,no,Credit Card,9,churned
2193,22307,6,1.95,Italy,58,Female,Regular,Email,Electronics,Cables,no,PayPal,1,churned
2194,22065,12,1.45,Italy,47,Male,New,Referral,Electronics,Gadgets,no,Bank Transfer,1,active
2195,84352,1,16.95,Italy,42,Male,New,Referral,Home Decor,Lights,no,Credit Card,5,churned
2196,72818,12,0.85,Italy,68,Female,New,Referral,Kitchen,Utensils,yes,Bank Transfer,3,churned
2197,22580,3,5.95,Italy,54,Female,New,Email,Stationery,Books,no,Credit Card,3,churned
2198,85114C,6,1.65,Italy,26,Male,VIP,Referral,Kitchen,Appliances,no,Cash,6,churned
2199,21349,2,6.75,Italy,23,Female,New,Organic,Kitchen,Appliances,yes,PayPal,6,active
2200,21976,24,0.55,Italy,54,Female,VIP,Organic,Clothing,Women,no,PayPal,2,churned
2201,21212,24,0.55,Italy,74,Female,Regular,Email,Clothing,Men,no,Bank Transfer,7,churned
2202,84991,24,0.55,Italy,57,Male,New,Ads,Home Decor,Frames,yes,Bank Transfer,1,churned
2203,21527,2,7.95,Italy,63,Female,VIP,Ads,Clothing,Men,no,Credit Card,9,churned
2204,37500,2,9.95,Italy,28,Female,Regular,Email,Toys,Kids,no,Bank Transfer,9,active
2205,37501,3,6.95,Italy,59,Male,Regular,Referral,Clothing,Women,no,PayPal,9,churned
2206,22070,6,3.75,Italy,45,Female,VIP,Referral,Kitchen,Utensils,no,PayPal,9,active
2207,21658,4,3.95,Italy,51,Female,VIP,Email,Electronics,Gadgets,no,Credit Card,1,churned
2208,21210,12,1.45,Italy,30,Male,Regular,Email,Kitchen,Utensils,no,Credit Card,5,active
2209,21973,12,1.45,Italy,55,Male,New,Referral,Toys,Outdoor,no,PayPal,2,churned
2210,22739,10,1.65,Italy,45,Female,VIP,Ads,Home Decor,Lights,no,PayPal,9,churned
2211,22738,10,1.65,Italy,21,Female,Regular,Referral,Electronics,Cables,no,PayPal,2,churned
2212,22952,24,0.55,Italy,56,Male,New,Referral,Clothing,Women,no,Bank Transfer,4,churned
2213,POST,4,28,Italy,38,Male,VIP,Email,Clothing,Women,no,Credit Card,6,churned
2214,22942,2,8.5,Italy,65,Male,Regular,Referral,Home Decor,Frames,no,PayPal,6,active
2215,22941,2,8.5,Italy,25,Female,VIP,Ads,Home Decor,Decor,no,Credit Card,5,churned
2216,22617,3,4.95,Italy,68,Male,New,Referral,Kitchen,Storage,no,PayPal,3,churned
2217,22358,6,2.95,Italy,57,Male,Regular,Referral,Stationery,Books,no,PayPal,7,active
2218,21625,3,6.95,Italy,67,Male,VIP,Ads,Stationery,Art,no,Credit Card,2,churned
2219,84380,12,1.25,Italy,63,Male,Regular,Referral,Stationery,Pens,no,PayPal,7,active
2220,84378,12,1.25,Italy,36,Male,VIP,Ads,Kitchen,Appliances,no,Cash,5,active
2221,22938,12,1.95,Italy,31,Female,Regular,Email,Electronics,Cables,no,Credit Card,9,active
2222,22949,12,1.45,Italy,67,Female,VIP,Email,Home Decor,Frames,no,Credit Card,4,active
2223,21974,12,1.45,Italy,51,Female,New,Ads,Clothing,Women,no,Credit Card,1,churned
2224,22417,24,0.55,Italy,26,Male,Regular,Referral,Clothing,Men,no,Bank Transfer,2,churned
2225,21213,24,0.55,Italy,71,Female,Regular,Email,Toys,Puzzles,no,Credit Card,2,churned
2226,21977,24,0.55,Italy,77,Female,Regular,Email,Kitchen,Storage,no,PayPal,7,active
2227,21976,24,0.55,Italy,75,Female,New,Referral,Toys,Puzzles,yes,Cash,1,active
2228,22651,24,0.85,Italy,41,Male,VIP,Email,Stationery,Books,no,PayPal,7,active
2229,22765,1,14.95,United Kingdom,65,Male,VIP,Referral,Home Decor,Lights,no,Credit Card,9,churned
2230,48187,2,7.95,United Kingdom,79,Male,New,Organic,Clothing,Kids,yes,Bank Transfer,6,churned
2231,22890,4,9.95,United Kingdom,75,Male,VIP,Organic,Electronics,Gadgets,no,PayPal,4,churned
2232,22423,6,12.75,United Kingdom,49,Male,Regular,Ads,Electronics,Cables,no,Bank Transfer,1,active
2233,22779,12,4.25,United Kingdom,33,Female,VIP,Ads,Electronics,Accessories,no,Credit Card,5,churned
2234,22780,12,4.25,United Kingdom,63,Male,New,Ads,Toys,Puzzles,no,Cash,9,active
2235,22865,24,2.1,United Kingdom,31,Female,VIP,Referral,Clothing,Women,no,PayPal,8,active
2236,22834,24,2.1,United Kingdom,29,Female,Regular,Referral,Home Decor,Lights,no,PayPal,2,churned
2237,22837,12,4.65,United Kingdom,66,Male,New,Email,Clothing,Kids,no,PayPal,7,churned
2238,22737,2,1.65,United Kingdom,78,Male,New,Ads,Electronics,Gadgets,no,PayPal,3,active
2239,22739,2,1.65,United Kingdom,54,Female,Regular,Email,Kitchen,Appliances,no,Bank Transfer,7,active
2240,22337,11,0.65,United Kingdom,44,Female,Regular,Ads,Toys,Puzzles,no,Cash,3,churned
2241,22688,1,7.95,United Kingdom,77,Female,Regular,Email,Stationery,Art,no,Cash,5,churned
2242,85123A,4,2.95,United Kingdom,59,Male,New,Organic,Clothing,Women,no,Bank Transfer,3,active
2243,20856,2,1.65,United Kingdom,54,Male,VIP,Referral,Toys,Kids,no,PayPal,9,active
2244,20854,5,1.65,United Kingdom,42,Female,New,Referral,Home Decor,Frames,yes,PayPal,7,churned
2245,82580,1,0.55,United Kingdom,27,Male,Regular,Referral,Home Decor,Decor,no,PayPal,6,churned
2246,82581,1,0.55,United Kingdom,50,Female,VIP,Email,Clothing,Women,no,Cash,1,active
2247,21171,1,1.45,United Kingdom,67,Male,VIP,Referral,Stationery,Art,no,Credit Card,7,churned
2248,22470,4,2.95,United Kingdom,77,Male,VIP,Ads,Toys,Kids,no,PayPal,5,churned
2249,22297,24,1.25,United Kingdom,57,Female,VIP,Organic,Stationery,Books,no,Bank Transfer,5,active
2250,22296,12,1.65,United Kingdom,70,Male,Regular,Email,Kitchen,Appliances,no,PayPal,9,churned
2251,22113,5,3.75,United Kingdom,72,Male,VIP,Email,Home Decor,Decor,no,Cash,8,churned
2252,22767,2,9.95,United Kingdom,61,Female,Regular,Email,Toys,Kids,no,Bank Transfer,1,churned
2253,22457,24,2.95,United Kingdom,42,Male,VIP,Ads,Clothing,Men,no,Credit Card,8,churned
2254,22766,8,2.95,United Kingdom,65,Female,Regular,Ads,Kitchen,Storage,no,PayPal,2,churned
2255,22173,8,2.95,United Kingdom,19,Male,New,Organic,Home Decor,Frames,no,Cash,4,churned
2256,22768,1,9.95,United Kingdom,40,Male,New,Referral,Home Decor,Lights,no,Cash,9,churned
2257,22488,4,1.65,United Kingdom,56,Male,Regular,Organic,Clothing,Women,no,PayPal,4,churned
2258,82486,2,7.95,United Kingdom,25,Male,Regular,Email,Stationery,Art,no,Credit Card,6,churned
2259,82483,1,5.95,United Kingdom,72,Male,VIP,Ads,Clothing,Men,no,Credit Card,6,churned
2260,21694,6,2.95,United Kingdom,28,Female,New,Organic,Toys,Kids,no,Bank Transfer,8,active
2261,22796,2,9.95,United Kingdom,55,Male,Regular,Email,Toys,Kids,no,Credit Card,3,churned
2262,22784,2,4.95,United Kingdom,60,Male,VIP,Organic,Electronics,Gadgets,no,Cash,2,active
2263,21364,4,6.75,United Kingdom,28,Female,VIP,Referral,Toys,Outdoor,no,PayPal,6,churned
2264,82494L,2,2.95,United Kingdom,21,Male,VIP,Referral,Clothing,Kids,no,Cash,2,churned
2265,82482,1,2.55,United Kingdom,42,Female,Regular,Organic,Kitchen,Storage,yes,Cash,1,churned
2266,22760,1,12.75,United Kingdom,66,Male,VIP,Email,Clothing,Men,no,Credit Card,1,churned
2267,22372,1,4.25,United Kingdom,60,Male,Regular,Organic,Clothing,Men,no,PayPal,2,churned
2268,22487,1,9.95,United Kingdom,22,Female,Regular,Referral,Stationery,Pens,yes,Cash,1,churned
2269,85068,1,7.95,United Kingdom,48,Female,New,Ads,Clothing,Men,no,Bank Transfer,6,active
2270,22769,1,24.95,United Kingdom,67,Male,Regular,Ads,Electronics,Cables,no,Credit Card,4,churned
2271,82484,4,6.45,United Kingdom,52,Male,New,Ads,Home Decor,Lights,yes,Bank Transfer,7,active
2272,20972,12,1.25,United Kingdom,68,Female,New,Email,Stationery,Pens,no,Cash,3,churned
2273,21232,12,1.25,United Kingdom,65,Male,Regular,Referral,Stationery,Art,no,PayPal,1,churned
2274,22646,12,1.45,United Kingdom,72,Male,New,Organic,Home Decor,Frames,no,Credit Card,5,churned
2275,22644,12,1.45,United Kingdom,19,Female,Regular,Organic,Stationery,Books,no,Credit Card,9,active
2276,22632,12,2.1,United Kingdom,60,Male,Regular,Organic,Home Decor,Decor,no,Credit Card,1,churned
2277,22633,12,2.1,United Kingdom,36,Female,New,Ads,Electronics,Gadgets,no,Bank Transfer,4,active
2278,22348,12,0.85,United Kingdom,25,Male,VIP,Referral,Stationery,Books,no,PayPal,6,churned
2279,21410,3,4.25,United Kingdom,48,Female,Regular,Organic,Toys,Outdoor,no,Credit Card,9,active
2280,21430,4,3.75,United Kingdom,44,Male,New,Ads,Stationery,Pens,no,Bank Transfer,1,active
2281,20684,6,3.25,United Kingdom,46,Male,VIP,Ads,Clothing,Kids,no,Credit Card,4,churned
2282,21892,12,1.25,United Kingdom,67,Male,New,Referral,Kitchen,Appliances,yes,PayPal,9,churned
2283,21914,12,1.25,United Kingdom,78,Male,New,Referral,Toys,Kids,no,Credit Card,8,churned
2284,21945,12,0.85,United Kingdom,30,Male,Regular,Organic,Home Decor,Lights,no,Credit Card,5,active
2285,22318,6,2.95,United Kingdom,30,Male,Regular,Referral,Electronics,Gadgets,no,PayPal,1,active
2286,22780,4,4.25,United Kingdom,30,Female,New,Referral,Electronics,Gadgets,no,PayPal,5,active
2287,22797,2,16.95,United Kingdom,79,Female,VIP,Organic,Toys,Kids,yes,Cash,2,churned
2288,22784,3,4.95,United Kingdom,44,Female,New,Referral,Kitchen,Utensils,no,Credit Card,6,churned
2289,22694,6,2.1,United Kingdom,37,Male,Regular,Referral,Kitchen,Storage,no,Credit Card,1,active
2290,22623,3,4.95,United Kingdom,78,Male,VIP,Organic,Electronics,Accessories,no,Bank Transfer,8,churned
2291,22550,4,3.75,United Kingdom,76,Female,New,Email,Home Decor,Decor,no,Credit Card,8,churned
2292,21974,12,1.45,United Kingdom,18,Male,VIP,Ads,Kitchen,Utensils,no,PayPal,7,churned
2293,21977,24,0.55,United Kingdom,35,Female,New,Referral,Electronics,Cables,no,PayPal,1,churned
2294,22326,6,2.95,United Kingdom,34,Female,VIP,Organic,Toys,Outdoor,no,PayPal,4,active
2295,22114,6,3.95,United Kingdom,23,Female,New,Referral,Clothing,Kids,no,Credit Card,5,churned
2296,22835,1,4.65,United Kingdom,25,Male,Regular,Email,Home Decor,Lights,no,Bank Transfer,2,active
2297,22109,1,3.75,United Kingdom,66,Female,VIP,Ads,Kitchen,Storage,no,Credit Card,7,active
2298,22634,1,9.95,United Kingdom,40,Female,Regular,Email,Clothing,Women,no,Cash,2,churned
2299,82580,3,0.55,United Kingdom,52,Male,VIP,Email,Toys,Puzzles,no,Cash,5,active
2300,21989,2,0.85,United Kingdom,22,Male,New,Email,Electronics,Accessories,no,Credit Card,2,churned
2301,22839,3,14.95,United Kingdom,36,Male,VIP,Ads,Toys,Kids,no,Credit Card,1,churned
2302,22357,1,4.25,United Kingdom,31,Female,Regular,Ads,Electronics,Cables,no,Credit Card,8,active
2303,35598B,2,2.95,United Kingdom,35,Male,VIP,Organic,Clothing,Kids,no,PayPal,4,churned
2304,22220,1,9.95,United Kingdom,69,Female,VIP,Ads,Clothing,Women,no,Bank Transfer,1,active
2305,21258,1,12.75,United Kingdom,62,Female,VIP,Organic,Home Decor,Decor,no,Cash,7,churned
2306,22890,1,9.95,United Kingdom,25,Female,Regular,Email,Toys,Puzzles,no,Bank Transfer,8,churned
2307,35599D,2,2.95,United Kingdom,34,Female,New,Email,Stationery,Art,no,Cash,3,churned
2308,22666,6,2.95,United Kingdom,44,Male,New,Ads,Electronics,Cables,no,Bank Transfer,1,churned
2309,22487,1,9.95,United Kingdom,31,Male,VIP,Email,Electronics,Cables,yes,Bank Transfer,6,churned
2310,22941,6,8.5,United Kingdom,20,Female,New,Email,Home Decor,Lights,no,Credit Card,9,churned
2311,22942,6,8.5,United Kingdom,38,Female,Regular,Referral,Toys,Kids,no,Cash,7,active
2312,22837,12,4.65,United Kingdom,69,Male,VIP,Referral,Clothing,Kids,no,Bank Transfer,1,active
2313,22791,12,1.25,United Kingdom,19,Male,New,Email,Stationery,Art,no,PayPal,7,active
2314,22800,8,3.75,United Kingdom,61,Male,Regular,Ads,Clothing,Men,no,Credit Card,2,active
2315,22798,8,2.95,United Kingdom,27,Female,VIP,Ads,Kitchen,Utensils,yes,PayPal,6,churned
2316,22801,8,3.75,United Kingdom,48,Male,New,Ads,Electronics,Cables,no,PayPal,9,churned
2317,22774,12,1.25,United Kingdom,52,Female,VIP,Referral,Kitchen,Storage,no,Credit Card,8,churned
2318,22771,12,1.25,United Kingdom,48,Female,VIP,Referral,Clothing,Men,no,Cash,3,churned
2319,22772,12,1.25,United Kingdom,67,Female,Regular,Referral,Stationery,Pens,no,Cash,5,active
2320,22328,12,2.95,United Kingdom,25,Male,New,Ads,Toys,Puzzles,no,PayPal,5,active
2321,22326,6,2.95,United Kingdom,78,Male,Regular,Email,Stationery,Books,no,Credit Card,3,active
2322,22779,8,4.25,United Kingdom,58,Female,Regular,Ads,Home Decor,Decor,no,Cash,2,active
2323,22780,4,4.25,United Kingdom,32,Male,VIP,Email,Toys,Kids,no,Cash,3,churned
2324,22740,48,0.85,United Kingdom,58,Male,Regular,Ads,Home Decor,Lights,no,PayPal,8,churned
2325,21523,2,7.95,United Kingdom,76,Female,New,Organic,Home Decor,Lights,no,Bank Transfer,4,churned
2326,48187,2,7.95,United Kingdom,25,Female,New,Organic,Toys,Puzzles,no,Credit Card,7,active
2327,POST,3,18,Germany,45,Male,Regular,Organic,Stationery,Books,no,Bank Transfer,7,churned
2328,22467,1,2.1,Germany,45,Female,New,Email,Kitchen,Utensils,no,Cash,5,active
2329,21314,8,2.1,United Kingdom,32,Male,VIP,Organic,Clothing,Women,no,Cash,8,active
2330,22800,8,3.75,United Kingdom,18,Female,New,Ads,Stationery,Art,no,Credit Card,5,churned
2331,22798,8,2.95,United Kingdom,78,Male,Regular,Referral,Clothing,Kids,no,Cash,6,churned
2332,21484,8,3.45,United Kingdom,28,Male,Regular,Referral,Kitchen,Storage,no,Bank Transfer,7,churned
2333,22423,2,12.75,United Kingdom,61,Male,New,Organic,Electronics,Gadgets,no,Cash,8,churned
2334,22697,6,2.95,United Kingdom,53,Male,New,Organic,Toys,Kids,no,Bank Transfer,3,churned
2335,22112,18,4.95,United Kingdom,72,Male,New,Organic,Stationery,Art,no,Bank Transfer,6,churned
2336,22699,6,2.95,United Kingdom,36,Female,New,Referral,Home Decor,Lights,no,Cash,5,churned
2337,21871,12,1.25,United Kingdom,76,Male,New,Ads,Clothing,Women,no,Cash,4,churned
2338,22837,16,4.65,United Kingdom,73,Female,Regular,Ads,Home Decor,Frames,no,Cash,3,churned
2339,22698,6,2.95,United Kingdom,55,Female,Regular,Email,Clothing,Men,no,PayPal,3,active
2340,22114,24,3.45,United Kingdom,73,Female,New,Ads,Electronics,Cables,no,Bank Transfer,8,churned
2341,21846,24,1.25,United Kingdom,45,Female,New,Organic,Toys,Puzzles,no,PayPal,4,churned
2342,21849,24,1.25,United Kingdom,46,Female,VIP,Organic,Stationery,Art,no,Bank Transfer,6,churned
2343,21851,24,1.25,United Kingdom,26,Female,VIP,Email,Electronics,Cables,no,Credit Card,7,churned
2344,21992,24,1.25,United Kingdom,39,Male,VIP,Referral,Stationery,Books,no,Credit Card,7,active
2345,21993,24,1.25,United Kingdom,20,Male,New,Ads,Home Decor,Decor,no,Bank Transfer,5,churned
2346,22165,12,3.95,United Kingdom,36,Male,VIP,Email,Home Decor,Frames,no,PayPal,8,churned
2347,22167,12,3.95,United Kingdom,60,Male,New,Referral,Clothing,Men,no,Bank Transfer,6,churned
2348,84032A,36,1.25,United Kingdom,53,Male,Regular,Email,Kitchen,Storage,no,Bank Transfer,1,churned
2349,85032D,48,0.65,United Kingdom,56,Male,Regular,Email,Electronics,Cables,no,Credit Card,7,active
2350,85039A,24,0.42,United Kingdom,20,Male,Regular,Ads,Home Decor,Lights,no,Bank Transfer,8,churned
2351,85039B,24,0.42,United Kingdom,47,Female,New,Ads,Toys,Puzzles,no,Credit Card,4,active
2352,85039C,24,0.42,United Kingdom,33,Female,Regular,Referral,Home Decor,Decor,yes,Credit Card,2,churned
2353,84032B,36,1.25,United Kingdom,59,Male,Regular,Ads,Home Decor,Decor,no,Cash,1,churned
2354,22371,12,3.75,United Kingdom,72,Female,Regular,Organic,Stationery,Books,no,Credit Card,6,active
2355,22372,12,3.95,United Kingdom,30,Female,VIP,Email,Stationery,Pens,no,PayPal,7,churned
2356,22376,12,3.75,United Kingdom,38,Female,New,Referral,Clothing,Kids,no,PayPal,4,churned
2357,21715,16,2.55,United Kingdom,27,Male,Regular,Organic,Electronics,Cables,no,Bank Transfer,7,active
2358,22611,24,4.25,United Kingdom,38,Female,New,Email,Clothing,Men,no,PayPal,9,churned
2359,79321,24,4.25,United Kingdom,66,Male,VIP,Referral,Home Decor,Lights,no,Cash,2,churned
2360,21564,18,2.95,United Kingdom,25,Female,Regular,Email,Home Decor,Lights,yes,Cash,5,active
2361,21563,18,2.95,United Kingdom,40,Male,VIP,Email,Kitchen,Appliances,no,Credit Card,7,churned
2362,22865,24,2.1,United Kingdom,73,Male,New,Email,Kitchen,Utensils,no,Bank Transfer,1,active
2363,22866,24,2.1,United Kingdom,24,Male,Regular,Email,Toys,Kids,no,PayPal,3,churned
2364,84625D,24,0.85,United Kingdom,42,Female,VIP,Ads,Electronics,Cables,no,PayPal,4,churned
2365,84625C,24,0.85,United Kingdom,38,Male,Regular,Referral,Clothing,Kids,no,Bank Transfer,7,active
2366,84625A,24,0.85,United Kingdom,39,Female,Regular,Ads,Stationery,Books,no,Bank Transfer,7,churned
2367,84876D,24,1.25,United Kingdom,46,Male,New,Referral,Clothing,Kids,no,Cash,8,active
2368,84876B,24,1.25,United Kingdom,46,Female,VIP,Email,Electronics,Cables,no,PayPal,5,churned
2369,22114,1,3.95,United Kingdom,50,Female,VIP,Organic,Electronics,Cables,yes,Credit Card,8,active
2370,22117,2,2.95,United Kingdom,69,Male,New,Referral,Clothing,Kids,no,PayPal,7,churned
2371,84849B,1,1.69,United Kingdom,51,Female,New,Organic,Home Decor,Decor,no,PayPal,7,churned
2372,84849D,2,1.69,United Kingdom,47,Female,VIP,Referral,Stationery,Art,no,Cash,3,active
2373,85123A,2,2.95,United Kingdom,54,Female,New,Referral,Kitchen,Utensils,no,Bank Transfer,5,active
2374,20723,2,0.85,United Kingdom,51,Female,Regular,Organic,Kitchen,Storage,no,Cash,9,active
2375,22691,1,7.95,United Kingdom,49,Female,VIP,Ads,Kitchen,Appliances,no,Cash,2,active
2376,85099B,10,1.95,United Kingdom,63,Male,New,Organic,Stationery,Art,no,Cash,3,churned
2377,85099F,10,1.95,United Kingdom,23,Female,New,Referral,Stationery,Books,no,Cash,3,churned
2378,82482,6,2.55,United Kingdom,63,Male,Regular,Ads,Home Decor,Decor,no,Credit Card,1,active
2379,22646,4,1.45,United Kingdom,38,Female,VIP,Referral,Home Decor,Lights,no,PayPal,2,churned
2380,84406B,4,3.25,United Kingdom,71,Male,Regular,Ads,Stationery,Art,no,PayPal,6,churned
2381,22719,1,1.25,United Kingdom,67,Male,New,Email,Electronics,Gadgets,no,Bank Transfer,8,active
2382,22112,2,4.95,United Kingdom,64,Male,VIP,Ads,Clothing,Men,no,Cash,6,active
2383,21169,5,1.69,United Kingdom,54,Female,Regular,Organic,Home Decor,Lights,no,Credit Card,1,churned
2384,20723,10,0.85,United Kingdom,30,Female,New,Ads,Stationery,Art,no,PayPal,2,active
2385,35970,6,1.69,United Kingdom,65,Female,Regular,Ads,Toys,Kids,no,Cash,9,churned
2386,71053,9,3.75,United Kingdom,23,Male,Regular,Email,Clothing,Kids,no,Cash,2,active
2387,84947,18,1.25,United Kingdom,20,Male,New,Organic,Kitchen,Utensils,no,Cash,6,churned
2388,21682,10,4.95,United Kingdom,43,Male,New,Ads,Clothing,Kids,no,Cash,3,churned
2389,22459,8,2.55,United Kingdom,68,Male,VIP,Email,Home Decor,Lights,no,Cash,3,churned
2390,22482,5,1.25,United Kingdom,55,Male,VIP,Ads,Kitchen,Utensils,no,PayPal,4,churned
2391,22037,12,0.42,United Kingdom,78,Female,Regular,Organic,Stationery,Books,no,PayPal,3,churned
2392,21507,12,0.42,United Kingdom,25,Male,VIP,Referral,Clothing,Women,no,PayPal,2,churned
2393,84247L,12,0.42,United Kingdom,41,Male,Regular,Email,Home Decor,Lights,no,Cash,1,churned
2394,22411,1,1.95,United Kingdom,78,Male,VIP,Organic,Home Decor,Frames,yes,Cash,5,churned
2395,22450,2,3.35,United Kingdom,22,Female,VIP,Organic,Toys,Outdoor,no,Bank Transfer,8,churned
2396,22449,1,3.35,United Kingdom,66,Female,VIP,Organic,Kitchen,Appliances,no,Bank Transfer,6,churned
2397,22451,3,3.35,United Kingdom,63,Female,Regular,Organic,Home Decor,Decor,no,Credit Card,1,churned
2398,22567,3,1.25,United Kingdom,49,Male,Regular,Email,Stationery,Art,no,PayPal,9,active
2399,22773,1,1.25,United Kingdom,67,Male,New,Email,Toys,Puzzles,no,Cash,6,churned
2400,20849,1,3.75,United Kingdom,47,Male,New,Ads,Kitchen,Utensils,no,Cash,2,churned
2401,22083,4,2.95,United Kingdom,73,Female,Regular,Organic,Toys,Kids,no,PayPal,3,churned
2402,22356,30,0.85,United Kingdom,72,Female,New,Email,Electronics,Gadgets,no,Cash,6,churned
2403,22355,20,0.85,United Kingdom,29,Male,Regular,Referral,Stationery,Art,no,PayPal,3,churned
2404,22730,2,3.75,United Kingdom,71,Female,New,Organic,Clothing,Kids,no,Credit Card,5,active
2405,20724,30,0.85,United Kingdom,54,Male,Regular,Referral,Toys,Kids,no,PayPal,7,active
2406,22191,1,8.5,United Kingdom,60,Male,Regular,Email,Home Decor,Decor,no,Bank Transfer,3,churned
2407,22470,10,2.95,United Kingdom,46,Male,New,Organic,Electronics,Gadgets,no,Credit Card,7,churned
2408,21523,20,6.75,United Kingdom,30,Female,Regular,Ads,Stationery,Pens,no,Cash,3,churned
2409,22726,8,3.75,United Kingdom,53,Female,VIP,Email,Toys,Outdoor,no,Bank Transfer,4,churned
2410,22729,8,3.75,United Kingdom,42,Male,VIP,Email,Clothing,Kids,no,Credit Card,9,churned
2411,22652,24,1.65,United Kingdom,61,Female,VIP,Referral,Toys,Kids,no,PayPal,2,churned
2412,22866,12,2.1,United Kingdom,44,Male,VIP,Email,Stationery,Art,yes,Credit Card,2,churned
2413,22865,12,2.1,United Kingdom,23,Female,VIP,Email,Stationery,Books,no,Credit Card,3,active
2414,22952,24,0.55,United Kingdom,21,Male,Regular,Organic,Stationery,Books,no,Credit Card,6,churned
2415,22734,24,2.55,United Kingdom,43,Female,New,Email,Kitchen,Utensils,no,Credit Card,4,churned
2416,20685,6,7.95,United Kingdom,54,Male,Regular,Organic,Electronics,Gadgets,no,PayPal,4,churned
2417,85123A,12,2.95,United Kingdom,31,Male,VIP,Organic,Clothing,Women,no,Cash,8,active
2418,82483,16,4.95,United Kingdom,34,Male,Regular,Referral,Stationery,Books,no,Bank Transfer,1,churned
2419,82486,12,6.95,United Kingdom,22,Male,Regular,Email,Toys,Kids,no,Cash,9,churned
2420,22943,6,4.95,United Kingdom,59,Female,VIP,Ads,Home Decor,Frames,no,Cash,7,churned
2421,22942,12,8.5,United Kingdom,33,Female,New,Organic,Home Decor,Frames,no,Credit Card,1,active
2422,22941,12,8.5,United Kingdom,18,Male,New,Organic,Toys,Puzzles,no,PayPal,7,active
2423,22632,12,2.1,United Kingdom,69,Male,Regular,Referral,Clothing,Women,no,PayPal,8,churned
2424,22633,12,2.1,United Kingdom,77,Male,New,Email,Toys,Kids,no,Credit Card,8,churned
2425,21523,4,7.95,United Kingdom,74,Male,New,Organic,Kitchen,Appliances,yes,Cash,9,churned
2426,48184,4,7.95,United Kingdom,64,Male,Regular,Email,Toys,Outdoor,no,Bank Transfer,5,churned
2427,21495,25,0.42,United Kingdom,28,Male,VIP,Email,Electronics,Cables,no,PayPal,6,churned
2428,48194,1,7.95,United Kingdom,70,Male,Regular,Referral,Home Decor,Decor,no,Bank Transfer,5,churned
2429,48111,1,7.95,United Kingdom,41,Male,Regular,Email,Stationery,Pens,no,PayPal,6,churned
2430,48185,1,7.95,United Kingdom,36,Male,VIP,Ads,Kitchen,Storage,no,Bank Transfer,7,active
2431,48116,1,7.95,United Kingdom,28,Female,Regular,Email,Home Decor,Frames,yes,PayPal,5,churned
2432,22355,24,0.85,United Kingdom,51,Female,Regular,Ads,Toys,Outdoor,no,Cash,5,churned
2433,22726,1,3.75,United Kingdom,29,Male,New,Organic,Home Decor,Decor,no,Cash,3,active
2434,22892,12,1.25,United Kingdom,28,Female,VIP,Ads,Electronics,Accessories,no,Credit Card,8,active
2435,22943,1,4.95,United Kingdom,60,Female,New,Referral,Toys,Outdoor,no,PayPal,7,active
2436,22111,1,4.95,United Kingdom,27,Male,VIP,Ads,Toys,Outdoor,no,Bank Transfer,7,churned
2437,15044B,1,2.95,United Kingdom,25,Female,Regular,Ads,Clothing,Women,no,Credit Card,4,active
2438,15044D,1,2.95,United Kingdom,30,Female,Regular,Ads,Electronics,Gadgets,no,Cash,1,churned
2439,21673,8,1.25,United Kingdom,45,Female,New,Ads,Clothing,Women,no,PayPal,3,churned
2440,20661,1,2.95,United Kingdom,53,Male,Regular,Ads,Clothing,Women,no,Credit Card,5,churned
2441,22807,1,2.95,United Kingdom,30,Male,Regular,Referral,Electronics,Cables,no,Bank Transfer,3,churned
2442,22179,1,6.75,United Kingdom,24,Female,Regular,Email,Home Decor,Decor,no,Cash,3,active
2443,84692,7,0.42,United Kingdom,41,Male,New,Email,Kitchen,Utensils,no,Bank Transfer,7,churned
2444,22753,1,0.85,United Kingdom,36,Female,VIP,Email,Stationery,Art,no,Credit Card,1,churned
2445,85232B,1,4.95,United Kingdom,58,Male,VIP,Referral,Electronics,Cables,no,Cash,1,churned
2446,22837,3,4.65,United Kingdom,30,Female,Regular,Organic,Home Decor,Frames,no,Credit Card,7,active
2447,22451,1,3.35,United Kingdom,61,Male,VIP,Email,Toys,Outdoor,no,PayPal,7,churned
2448,22907,1,0.85,United Kingdom,49,Female,New,Ads,Stationery,Books,no,PayPal,7,active
2449,84520B,1,0.85,United Kingdom,76,Female,VIP,Organic,Home Decor,Frames,no,Credit Card,8,churned
2450,22771,2,1.25,United Kingdom,49,Female,Regular,Ads,Toys,Kids,no,Bank Transfer,7,churned
2451,22773,6,1.25,United Kingdom,58,Female,New,Ads,Clothing,Women,no,PayPal,2,active
2452,22805,5,1.25,United Kingdom,44,Female,VIP,Email,Electronics,Gadgets,no,Cash,6,churned
2453,22776,2,9.95,United Kingdom,66,Male,VIP,Email,Kitchen,Appliances,no,Credit Card,3,active
2454,21672,6,1.25,United Kingdom,75,Male,VIP,Referral,Home Decor,Frames,no,Credit Card,7,churned
2455,47594A,1,1.95,United Kingdom,24,Male,VIP,Referral,Home Decor,Frames,no,PayPal,4,churned
2456,21098,4,1.25,United Kingdom,78,Female,Regular,Email,Home Decor,Decor,no,Credit Card,7,churned
2457,35832,2,2.95,United Kingdom,40,Female,New,Email,Toys,Outdoor,yes,Bank Transfer,5,churned
2458,21098,1,1.25,United Kingdom,77,Male,New,Referral,Electronics,Gadgets,no,Cash,2,active
2459,22727,1,3.75,United Kingdom,53,Female,New,Ads,Stationery,Pens,no,Bank Transfer,7,active
2460,21668,2,1.25,United Kingdom,28,Male,Regular,Referral,Stationery,Books,no,PayPal,9,active
2461,22807,2,2.95,United Kingdom,45,Female,New,Organic,Toys,Puzzles,no,PayPal,3,churned
2462,21217,1,9.95,United Kingdom,21,Male,VIP,Referral,Clothing,Women,no,PayPal,5,churned
2463,22422,12,0.65,Bahrain,68,Male,VIP,Referral,Clothing,Women,yes,Credit Card,7,churned
2464,22421,12,0.42,Bahrain,30,Male,New,Referral,Clothing,Women,no,Cash,8,churned
2465,21832,12,1.65,Bahrain,20,Male,Regular,Ads,Clothing,Women,no,Bank Transfer,9,active
2466,37495,8,3.75,Bahrain,66,Female,VIP,Referral,Kitchen,Utensils,no,Credit Card,9,churned
2467,22649,8,4.95,Bahrain,43,Female,New,Ads,Electronics,Gadgets,no,PayPal,4,churned
2468,22132,12,0.85,Bahrain,65,Male,New,Organic,Clothing,Men,no,Bank Transfer,7,churned
2469,22134,12,0.42,Bahrain,75,Male,New,Ads,Home Decor,Decor,no,Cash,1,churned
2470,22109,4,3.75,Bahrain,64,Female,New,Email,Home Decor,Decor,no,Cash,7,churned
2471,22107,4,3.75,Bahrain,61,Male,New,Email,Electronics,Accessories,no,Bank Transfer,1,churned
2472,22064,12,1.65,Bahrain,52,Female,VIP,Email,Home Decor,Frames,no,Credit Card,4,churned
2473,21232,12,1.25,Bahrain,50,Female,Regular,Ads,Clothing,Women,no,PayPal,7,churned
2474,21231,12,1.25,Bahrain,19,Female,VIP,Organic,Home Decor,Frames,no,PayPal,1,churned
2475,20659,12,1.25,Bahrain,64,Female,Regular,Organic,Home Decor,Decor,no,PayPal,2,churned
2476,20617,6,2.1,Bahrain,30,Male,Regular,Referral,Toys,Kids,no,Cash,2,active
2477,20622,6,2.1,Bahrain,34,Male,Regular,Organic,Home Decor,Lights,no,PayPal,2,churned
2478,37450,6,2.95,Bahrain,33,Male,New,Organic,Stationery,Pens,no,Credit Card,3,active
2479,37447,12,1.49,Bahrain,52,Female,Regular,Referral,Clothing,Kids,no,PayPal,9,churned
2480,22645,12,1.45,Bahrain,69,Female,Regular,Organic,Electronics,Accessories,yes,Bank Transfer,3,active
2481,22646,12,1.45,Bahrain,31,Male,Regular,Ads,Stationery,Books,no,PayPal,7,active
2482,84050,6,1.65,Bahrain,23,Female,Regular,Ads,Electronics,Accessories,no,Bank Transfer,5,churned
2483,22729,4,3.75,United Kingdom,72,Male,New,Ads,Toys,Kids,yes,Cash,4,churned
2484,22726,4,3.75,United Kingdom,54,Female,VIP,Organic,Home Decor,Decor,no,PayPal,8,churned
2485,22698,6,2.95,United Kingdom,57,Female,Regular,Referral,Electronics,Gadgets,no,Bank Transfer,1,churned
2486,22697,6,2.95,United Kingdom,34,Male,Regular,Referral,Kitchen,Appliances,no,Bank Transfer,1,active
2487,22776,2,9.95,United Kingdom,45,Female,VIP,Ads,Stationery,Books,no,Bank Transfer,5,churned
2488,22938,12,1.95,United Kingdom,43,Male,VIP,Email,Toys,Kids,no,Bank Transfer,4,active
2489,22784,12,4.25,United Kingdom,67,Male,Regular,Ads,Electronics,Accessories,no,PayPal,7,active
2490,22752,2,8.5,United Kingdom,46,Male,VIP,Organic,Home Decor,Frames,no,Bank Transfer,4,active
2491,22727,32,3.75,United Kingdom,76,Male,VIP,Ads,Toys,Puzzles,yes,PayPal,8,active
2492,22726,32,3.75,United Kingdom,79,Male,New,Email,Clothing,Kids,no,PayPal,3,churned
2493,22692,10,6.75,United Kingdom,32,Female,Regular,Ads,Home Decor,Lights,no,PayPal,8,churned
2494,22665,12,2.95,United Kingdom,23,Male,VIP,Email,Kitchen,Appliances,no,Credit Card,2,active
2495,22585,36,1.25,United Kingdom,45,Male,VIP,Referral,Stationery,Pens,no,Cash,1,active
2496,22086,60,2.55,United Kingdom,29,Male,Regular,Email,Clothing,Men,no,Cash,7,churned
2497,21733,32,2.55,United Kingdom,37,Female,New,Organic,Kitchen,Utensils,no,Credit Card,9,churned
2498,20829,32,2.1,United Kingdom,36,Male,VIP,Organic,Electronics,Cables,no,Bank Transfer,6,churned
2499,20685,10,6.75,United Kingdom,74,Male,New,Referral,Kitchen,Utensils,no,PayPal,8,churned
2500,79321,24,4.25,United Kingdom,78,Male,Regular,Organic,Home Decor,Lights,no,Credit Card,9,churned
2501,48111,10,6.75,United Kingdom,74,Female,VIP,Organic,Clothing,Women,no,Cash,2,active
2502,22847,4,14.95,United Kingdom,73,Female,VIP,Email,Toys,Outdoor,no,Bank Transfer,3,churned
2503,22846,4,14.95,United Kingdom,72,Male,Regular,Ads,Stationery,Books,no,PayPal,7,active
2504,22838,8,12.75,United Kingdom,48,Female,Regular,Organic,Clothing,Men,no,Credit Card,5,churned
2505,22837,36,4.25,United Kingdom,56,Male,New,Referral,Stationery,Art,no,PayPal,6,active
2506,22804,32,2.55,United Kingdom,54,Male,New,Email,Clothing,Kids,no,Credit Card,1,active
2507,22795,16,5.95,United Kingdom,63,Female,New,Email,Toys,Kids,no,Bank Transfer,4,active
2508,22755,36,0.85,United Kingdom,31,Male,Regular,Email,Toys,Outdoor,yes,PayPal,4,active
2509,22754,48,0.85,United Kingdom,25,Male,New,Ads,Electronics,Accessories,yes,Bank Transfer,3,active
2510,22753,36,0.85,United Kingdom,19,Female,New,Organic,Toys,Puzzles,no,PayPal,4,churned
2511,22752,96,7.65,United Kingdom,24,Male,VIP,Referral,Home Decor,Lights,no,PayPal,5,active
2512,22728,32,3.75,United Kingdom,55,Female,Regular,Referral,Stationery,Pens,no,Cash,2,churned
2513,22855,12,1.25,United Kingdom,70,Female,New,Ads,Kitchen,Storage,yes,Credit Card,5,churned
2514,22749,8,3.75,United Kingdom,75,Male,New,Referral,Stationery,Books,no,Cash,8,churned
2515,22750,8,3.75,United Kingdom,48,Male,VIP,Email,Kitchen,Storage,no,PayPal,9,active
2516,20969,8,3.75,United Kingdom,72,Male,New,Referral,Stationery,Pens,no,Bank Transfer,4,churned
2517,22273,6,2.95,United Kingdom,79,Male,VIP,Email,Stationery,Pens,no,PayPal,5,churned
2518,22274,6,2.95,United Kingdom,20,Male,VIP,Ads,Clothing,Kids,no,Bank Transfer,5,active
2519,22566,24,0.85,United Kingdom,65,Female,New,Organic,Stationery,Pens,no,Cash,2,churned
2520,22587,12,0.85,United Kingdom,60,Female,VIP,Referral,Electronics,Cables,no,Cash,2,churned
2521,21621,4,8.5,United Kingdom,40,Male,Regular,Referral,Clothing,Men,yes,Credit Card,4,churned
2522,84029E,12,3.75,United Kingdom,22,Female,New,Ads,Kitchen,Appliances,no,Bank Transfer,8,churned
2523,22595,24,0.85,United Kingdom,71,Male,VIP,Referral,Toys,Outdoor,no,Cash,1,active
2524,22844,2,8.5,United Kingdom,18,Female,Regular,Referral,Stationery,Art,no,Cash,6,active
2525,21703,24,0.42,United Kingdom,35,Male,VIP,Ads,Clothing,Women,no,Credit Card,1,active
2526,20971,24,1.25,United Kingdom,45,Male,Regular,Email,Home Decor,Lights,no,PayPal,2,active
2527,22047,25,0.42,United Kingdom,79,Male,VIP,Referral,Electronics,Cables,no,Credit Card,5,churned
2528,22585,2,1.25,United Kingdom,35,Female,New,Email,Stationery,Books,no,Credit Card,2,active
2529,21611,1,2.95,United Kingdom,77,Male,New,Ads,Clothing,Men,no,Cash,5,churned
2530,51014L,12,0.85,United Kingdom,29,Female,Regular,Referral,Stationery,Books,no,Credit Card,9,churned
2531,22470,1,2.95,United Kingdom,68,Female,New,Referral,Clothing,Men,no,Cash,3,active
2532,21623,1,9.95,United Kingdom,57,Female,VIP,Referral,Kitchen,Utensils,no,PayPal,9,active
2533,21621,1,8.5,United Kingdom,45,Female,New,Ads,Toys,Outdoor,no,Credit Card,2,active
2534,21864,2,2.1,United Kingdom,72,Male,Regular,Email,Toys,Outdoor,yes,PayPal,5,churned
2535,21866,2,1.25,United Kingdom,68,Female,Regular,Referral,Clothing,Women,no,Cash,5,churned
2536,21590,2,1.25,United Kingdom,40,Male,New,Organic,Stationery,Books,no,PayPal,7,churned
2537,20652,1,1.25,United Kingdom,31,Female,New,Ads,Kitchen,Appliances,no,Bank Transfer,4,churned
2538,21991,2,2.95,United Kingdom,37,Male,VIP,Referral,Toys,Puzzles,no,Bank Transfer,9,active
2539,20977,1,1.25,United Kingdom,34,Male,VIP,Organic,Electronics,Cables,yes,Credit Card,4,active
2540,22560,1,1.25,United Kingdom,60,Female,Regular,Referral,Home Decor,Decor,no,Cash,6,churned
2541,20767,1,2.55,United Kingdom,76,Female,Regular,Email,Home Decor,Decor,no,Credit Card,6,churned
2542,22489,1,0.42,United Kingdom,27,Male,Regular,Email,Clothing,Men,yes,Bank Transfer,5,active
2543,21790,1,0.85,United Kingdom,62,Male,VIP,Organic,Home Decor,Lights,no,Bank Transfer,3,churned
2544,22549,1,1.45,United Kingdom,49,Male,Regular,Ads,Kitchen,Utensils,yes,Bank Transfer,5,churned
2545,22548,1,1.25,United Kingdom,50,Male,New,Organic,Home Decor,Frames,no,Credit Card,6,active
2546,21754,1,5.95,United Kingdom,77,Female,New,Ads,Kitchen,Storage,no,Cash,5,churned
2547,22294,24,1.25,United Kingdom,33,Male,Regular,Referral,Kitchen,Storage,no,Cash,3,churned
2548,21742,1,5.95,United Kingdom,35,Female,VIP,Organic,Stationery,Pens,no,Credit Card,1,active
2549,22498,2,5.95,United Kingdom,19,Female,VIP,Organic,Electronics,Gadgets,no,Cash,8,active
2550,21034,1,0.95,United Kingdom,39,Male,New,Organic,Home Decor,Decor,no,Cash,1,churned
2551,22585,2,1.25,United Kingdom,57,Female,New,Referral,Kitchen,Utensils,no,Bank Transfer,8,active
2552,22170,2,6.75,United Kingdom,65,Male,Regular,Email,Home Decor,Lights,no,Cash,5,churned
2553,22952,1,0.55,United Kingdom,73,Female,Regular,Referral,Clothing,Kids,no,Credit Card,4,churned
2554,21742,1,5.95,United Kingdom,57,Male,VIP,Organic,Electronics,Gadgets,no,Cash,2,active
2555,85103,1,6.75,United Kingdom,49,Male,New,Referral,Clothing,Kids,no,Credit Card,8,churned
2556,22765,1,14.95,United Kingdom,68,Male,Regular,Referral,Home Decor,Frames,no,Bank Transfer,6,active
2557,22959,25,0.42,United Kingdom,40,Male,VIP,Ads,Toys,Puzzles,no,Bank Transfer,8,active
2558,22113,1,3.75,United Kingdom,33,Male,VIP,Ads,Stationery,Books,no,Credit Card,9,churned
2559,21864,1,2.1,United Kingdom,78,Male,New,Organic,Stationery,Art,no,Credit Card,6,churned
2560,35400,1,8.95,United Kingdom,18,Female,Regular,Ads,Electronics,Gadgets,no,Bank Transfer,6,churned
2561,21691,1,3.75,United Kingdom,62,Male,Regular,Referral,Stationery,Books,no,Credit Card,8,active
2562,22771,12,1.25,United Kingdom,49,Female,New,Organic,Clothing,Women,no,Cash,3,active
2563,21533,1,4.95,United Kingdom,60,Female,VIP,Ads,Kitchen,Storage,no,Credit Card,1,churned
2564,84949,6,1.65,United Kingdom,39,Female,VIP,Email,Clothing,Men,no,Bank Transfer,2,churned
2565,72800E,2,2.55,United Kingdom,38,Male,VIP,Ads,Stationery,Books,no,PayPal,8,active
2566,72799E,4,2.95,United Kingdom,74,Male,New,Email,Clothing,Men,no,Credit Card,4,churned
2567,21098,1,1.25,United Kingdom,63,Male,VIP,Referral,Clothing,Men,yes,Cash,1,churned
2568,22737,5,1.65,United Kingdom,49,Male,VIP,Ads,Stationery,Books,yes,Credit Card,3,active
2569,85047,1,6.35,United Kingdom,58,Male,New,Referral,Toys,Puzzles,no,Cash,3,active
2570,21993,3,2.95,United Kingdom,72,Female,New,Email,Kitchen,Storage,no,Credit Card,5,active
2571,21991,1,2.95,United Kingdom,67,Female,Regular,Referral,Stationery,Art,no,PayPal,2,churned
2572,20669,1,1.25,United Kingdom,50,Female,Regular,Ads,Electronics,Gadgets,no,PayPal,2,active
2573,21864,2,2.1,United Kingdom,29,Female,VIP,Ads,Electronics,Accessories,no,Credit Card,2,active
2574,22705,25,0.42,United Kingdom,48,Female,New,Email,Stationery,Art,no,Bank Transfer,4,active
2575,21533,1,4.95,United Kingdom,40,Female,VIP,Email,Kitchen,Storage,no,PayPal,9,churned
2576,21172,1,1.45,United Kingdom,36,Male,Regular,Ads,Kitchen,Storage,no,Cash,3,active
2577,22704,25,0.42,United Kingdom,51,Female,Regular,Referral,Toys,Puzzles,no,Bank Transfer,6,churned
2578,22835,3,4.65,United Kingdom,49,Male,VIP,Organic,Clothing,Women,no,PayPal,9,churned
2579,22113,4,3.75,United Kingdom,69,Male,VIP,Email,Clothing,Men,no,PayPal,6,active
2580,22835,4,4.65,United Kingdom,41,Female,New,Referral,Electronics,Accessories,no,Cash,4,churned
2581,21257,2,7.95,United Kingdom,41,Male,Regular,Email,Electronics,Cables,no,Cash,3,active
2582,21259,2,5.95,United Kingdom,47,Female,New,Organic,Kitchen,Appliances,yes,Bank Transfer,1,churned
2583,22801,4,3.75,United Kingdom,66,Female,New,Referral,Home Decor,Lights,no,PayPal,5,churned
2584,22476,3,4.95,United Kingdom,18,Female,New,Email,Stationery,Art,no,Bank Transfer,2,active
2585,22423,1,12.75,United Kingdom,26,Female,New,Organic,Clothing,Men,no,PayPal,5,churned
2586,84945,12,0.85,United Kingdom,53,Male,Regular,Ads,Electronics,Gadgets,no,PayPal,1,active
2587,22460,12,1.25,United Kingdom,76,Male,VIP,Ads,Toys,Outdoor,no,Bank Transfer,5,active
2588,84949,6,1.65,United Kingdom,38,Female,VIP,Ads,Kitchen,Utensils,no,Bank Transfer,2,churned
2589,84946,12,1.25,United Kingdom,54,Female,Regular,Ads,Stationery,Art,yes,Credit Card,1,churned
2590,21955,2,7.95,United Kingdom,25,Female,VIP,Referral,Home Decor,Decor,no,Bank Transfer,8,churned
2591,48188,2,7.95,United Kingdom,23,Female,VIP,Email,Stationery,Pens,no,Bank Transfer,1,churned
2592,48138,2,7.95,United Kingdom,38,Female,Regular,Email,Kitchen,Storage,yes,PayPal,8,churned
2593,21781,1,14.95,United Kingdom,63,Female,VIP,Referral,Home Decor,Decor,no,Cash,9,churned
2594,21777,2,7.95,United Kingdom,56,Male,Regular,Referral,Toys,Kids,no,Bank Transfer,3,active
2595,22855,12,1.25,United Kingdom,19,Male,Regular,Referral,Kitchen,Storage,no,Cash,1,churned
2596,84971S,24,0.85,United Kingdom,71,Female,New,Referral,Toys,Outdoor,no,Bank Transfer,5,churned
2597,21136,8,1.69,United Kingdom,75,Male,Regular,Organic,Toys,Outdoor,no,Cash,9,active
2598,84879,8,1.69,United Kingdom,41,Female,Regular,Email,Toys,Outdoor,no,Cash,5,active
2599,84836,12,1.25,United Kingdom,29,Female,VIP,Organic,Clothing,Kids,no,PayPal,6,active
2600,21755,8,5.95,United Kingdom,41,Male,Regular,Ads,Toys,Puzzles,yes,PayPal,5,active
2601,22121,4,5.95,United Kingdom,72,Male,New,Ads,Kitchen,Utensils,no,Cash,2,active
2602,22118,2,4.95,United Kingdom,50,Female,Regular,Email,Kitchen,Utensils,no,Bank Transfer,7,churned
2603,85152,2,2.1,United Kingdom,54,Female,New,Referral,Stationery,Pens,no,Bank Transfer,2,active
2604,82600,2,2.1,United Kingdom,45,Female,VIP,Organic,Home Decor,Decor,no,Bank Transfer,6,churned
2605,21181,1,2.1,United Kingdom,54,Male,Regular,Referral,Stationery,Pens,no,Credit Card,7,active
2606,21904,1,2.1,United Kingdom,57,Male,Regular,Organic,Electronics,Gadgets,no,Bank Transfer,9,churned
2607,85150,3,2.55,United Kingdom,34,Male,Regular,Email,Kitchen,Utensils,no,PayPal,1,active
2608,22748,1,2.1,United Kingdom,64,Female,New,Email,Kitchen,Utensils,yes,Bank Transfer,9,active
2609,22746,1,2.1,United Kingdom,20,Female,Regular,Organic,Clothing,Women,no,Bank Transfer,9,churned
2610,20772,1,2.55,United Kingdom,28,Male,Regular,Referral,Electronics,Accessories,no,Cash,8,churned
2611,82616C,2,2.95,United Kingdom,43,Male,Regular,Email,Toys,Outdoor,no,Cash,9,churned
2612,82616A,1,2.95,United Kingdom,71,Female,VIP,Referral,Home Decor,Decor,yes,Cash,6,active
2613,21034,1,0.95,United Kingdom,68,Male,New,Ads,Electronics,Gadgets,yes,Cash,4,churned
2614,85066,1,12.75,United Kingdom,35,Female,VIP,Email,Stationery,Pens,no,Cash,3,churned
2615,21523,2,7.95,United Kingdom,66,Male,New,Referral,Home Decor,Frames,no,Credit Card,4,active
2616,22366,2,7.95,United Kingdom,43,Female,Regular,Organic,Stationery,Art,no,Credit Card,3,active
2617,48138,2,7.95,United Kingdom,71,Male,Regular,Ads,Toys,Kids,no,Credit Card,2,active
2618,21524,2,7.95,United Kingdom,69,Female,VIP,Email,Electronics,Cables,no,Credit Card,1,active
2619,35970,12,1.69,United Kingdom,77,Male,Regular,Organic,Electronics,Accessories,no,Cash,6,churned
2620,22117,6,2.95,United Kingdom,42,Male,New,Ads,Electronics,Accessories,no,PayPal,7,active
2621,85152,12,2.1,United Kingdom,67,Female,Regular,Email,Electronics,Accessories,no,Cash,2,active
2622,21175,12,2.1,United Kingdom,55,Female,Regular,Organic,Stationery,Pens,no,Cash,4,active
2623,21164,6,2.95,United Kingdom,28,Male,VIP,Email,Electronics,Gadgets,no,PayPal,7,active
2624,21174,12,1.95,United Kingdom,26,Male,Regular,Organic,Electronics,Cables,no,Bank Transfer,3,churned
2625,21166,12,1.95,United Kingdom,21,Female,New,Referral,Electronics,Accessories,no,PayPal,8,churned
2626,22598,24,0.85,United Kingdom,63,Female,Regular,Email,Home Decor,Frames,no,Bank Transfer,8,churned
2627,22597,24,0.85,United Kingdom,56,Female,Regular,Ads,Electronics,Gadgets,no,PayPal,3,churned
2628,22599,24,0.85,United Kingdom,76,Male,Regular,Ads,Electronics,Cables,no,Credit Card,5,churned
2629,35958,24,0.85,United Kingdom,64,Female,Regular,Organic,Kitchen,Appliances,no,Cash,1,churned
2630,35961,24,0.85,United Kingdom,69,Male,Regular,Ads,Stationery,Pens,no,Cash,9,churned
2631,20846,24,1.25,United Kingdom,50,Female,Regular,Referral,Stationery,Art,no,Bank Transfer,2,active
2632,84970S,24,0.85,United Kingdom,69,Female,Regular,Referral,Clothing,Kids,no,Cash,1,churned
2633,84970L,24,0.95,United Kingdom,22,Male,Regular,Email,Stationery,Pens,no,Bank Transfer,9,churned
2634,84832,24,0.85,United Kingdom,62,Female,Regular,Organic,Clothing,Women,no,Bank Transfer,2,churned
2635,84836,24,1.25,United Kingdom,56,Male,Regular,Organic,Kitchen,Appliances,no,Credit Card,9,active
2636,22296,24,1.65,United Kingdom,71,Male,Regular,Organic,Home Decor,Decor,no,PayPal,6,churned
2637,22297,24,1.25,United Kingdom,54,Male,Regular,Ads,Kitchen,Utensils,yes,PayPal,8,active
2638,84279P,4,3.39,Germany,31,Male,Regular,Email,Clothing,Kids,no,Bank Transfer,7,churned
2639,84968E,1,12.75,United Kingdom,77,Female,New,Ads,Electronics,Cables,yes,Bank Transfer,3,active
2640,22131,1,1.95,United Kingdom,29,Female,Regular,Email,Stationery,Books,no,Bank Transfer,3,churned
2641,21843,1,10.95,United Kingdom,78,Male,New,Referral,Stationery,Pens,no,PayPal,6,active
2642,21408,1,4.25,United Kingdom,51,Male,VIP,Referral,Home Decor,Frames,no,Cash,6,churned
2643,21524,1,7.95,United Kingdom,70,Male,New,Ads,Kitchen,Storage,yes,Cash,4,churned
2644,22175,1,2.95,United Kingdom,19,Female,VIP,Email,Stationery,Books,no,Credit Card,6,churned
2645,22176,2,2.95,United Kingdom,38,Male,New,Organic,Electronics,Accessories,no,Cash,1,churned
2646,22090,6,2.95,United Kingdom,48,Female,Regular,Email,Clothing,Men,yes,Cash,3,churned
2647,22423,6,12.75,United Kingdom,45,Male,Regular,Referral,Home Decor,Decor,no,Bank Transfer,7,churned
2648,22698,4,2.95,United Kingdom,31,Female,New,Ads,Toys,Kids,no,Cash,2,churned
2649,20725,50,1.65,United Kingdom,59,Female,Regular,Referral,Toys,Puzzles,no,PayPal,1,active
2650,22384,50,1.65,United Kingdom,62,Male,New,Organic,Electronics,Cables,no,Credit Card,1,active
2651,21212,48,0.55,United Kingdom,37,Female,Regular,Ads,Clothing,Women,no,PayPal,8,churned
2652,82484,6,6.45,United Kingdom,61,Female,Regular,Email,Clothing,Women,no,Credit Card,9,churned
2653,21121,48,1.25,United Kingdom,61,Male,New,Email,Clothing,Men,yes,Credit Card,5,active
2654,21122,48,1.25,United Kingdom,71,Female,New,Ads,Kitchen,Utensils,no,PayPal,6,active
2655,21124,48,1.25,United Kingdom,44,Female,New,Email,Kitchen,Utensils,no,Credit Card,5,churned
2656,22630,12,1.95,Ireland,19,Female,New,Ads,Kitchen,Storage,no,Credit Card,9,active
2657,22629,12,1.95,Ireland,50,Male,New,Email,Kitchen,Appliances,no,PayPal,9,active
2658,22622,2,9.95,Ireland,53,Male,VIP,Organic,Clothing,Kids,no,PayPal,2,active
2659,22623,3,4.95,Ireland,65,Male,New,Ads,Toys,Kids,no,Cash,4,active
2660,22245,12,0.85,Ireland,64,Female,VIP,Email,Toys,Kids,no,Cash,4,churned
2661,22244,12,1.95,Ireland,19,Female,VIP,Referral,Kitchen,Utensils,no,Bank Transfer,3,active
2662,22242,12,1.65,Ireland,35,Male,New,Ads,Electronics,Cables,no,PayPal,7,churned
2663,22243,12,1.65,Ireland,75,Female,New,Organic,Kitchen,Appliances,no,Cash,9,churned
2664,21677,12,0.85,Ireland,75,Female,New,Referral,Toys,Puzzles,no,PayPal,5,churned
2665,21675,12,0.85,Ireland,22,Male,New,Ads,Electronics,Gadgets,no,PayPal,5,churned
2666,22746,6,2.1,Ireland,20,Male,Regular,Referral,Toys,Kids,yes,Bank Transfer,2,active
2667,22745,6,2.1,Ireland,58,Male,Regular,Ads,Clothing,Kids,no,Cash,8,churned
2668,22747,6,2.1,Ireland,63,Male,New,Organic,Electronics,Gadgets,no,Cash,3,active
2669,22748,6,2.1,Ireland,66,Female,New,Organic,Home Decor,Frames,no,Credit Card,2,active
2670,20681,6,3.25,Ireland,20,Female,Regular,Organic,Stationery,Pens,no,Bank Transfer,6,churned
2671,20682,6,3.25,Ireland,22,Male,Regular,Organic,Toys,Outdoor,no,Bank Transfer,2,churned
2672,22179,2,6.75,Ireland,69,Female,VIP,Email,Electronics,Gadgets,no,Cash,1,active
2673,22807,6,2.95,Ireland,21,Male,VIP,Email,Kitchen,Utensils,no,Cash,6,churned
2674,21823,12,1.45,Ireland,70,Male,Regular,Email,Kitchen,Utensils,no,Cash,4,active
2675,21804,6,3.75,Ireland,24,Male,Regular,Organic,Kitchen,Storage,no,Credit Card,9,churned
2676,22601,12,0.85,Ireland,53,Male,New,Ads,Kitchen,Appliances,no,Bank Transfer,3,churned
2677,22600,12,0.85,Ireland,20,Female,New,Referral,Kitchen,Storage,no,Bank Transfer,6,churned
2678,22602,12,0.85,Ireland,33,Female,Regular,Ads,Electronics,Gadgets,no,Bank Transfer,8,churned
2679,22603,12,0.85,Ireland,30,Female,Regular,Email,Home Decor,Decor,no,Bank Transfer,8,churned
2680,21169,12,1.69,Ireland,79,Female,Regular,Organic,Kitchen,Storage,no,Cash,3,churned
2681,21908,12,2.1,Ireland,18,Female,New,Email,Home Decor,Decor,no,PayPal,4,churned
2682,21166,12,1.95,Ireland,56,Female,Regular,Referral,Toys,Kids,no,Cash,4,churned
2683,21175,12,2.1,Ireland,61,Male,Regular,Ads,Toys,Puzzles,no,Credit Card,6,active
2684,22809,12,2.95,Ireland,43,Female,VIP,Organic,Toys,Kids,no,Bank Transfer,5,active
2685,21587,12,2.55,Ireland,30,Male,New,Organic,Kitchen,Appliances,no,Cash,4,churned
2686,21098,12,1.25,Ireland,33,Female,New,Organic,Kitchen,Appliances,no,PayPal,9,active
2687,22065,12,1.45,Ireland,23,Female,VIP,Ads,Electronics,Accessories,no,Cash,2,active
2688,22086,12,2.95,Ireland,53,Male,Regular,Ads,Home Decor,Frames,no,PayPal,2,active
2689,22618,6,9.95,Ireland,59,Male,Regular,Organic,Electronics,Accessories,no,Cash,2,active
2690,21561,6,2.55,Ireland,51,Female,New,Ads,Kitchen,Appliances,no,Cash,2,churned
2691,21556,6,2.55,Ireland,36,Female,New,Email,Electronics,Cables,no,PayPal,1,active
2692,22139,6,4.95,Ireland,25,Female,Regular,Referral,Clothing,Kids,no,Bank Transfer,6,churned
2693,47591D,8,1.95,Ireland,63,Female,Regular,Ads,Clothing,Women,no,PayPal,6,churned
2694,85216,24,0.65,Ireland,58,Female,New,Ads,Toys,Kids,no,PayPal,1,churned
2695,21873,12,1.25,Ireland,50,Female,VIP,Email,Electronics,Cables,no,Bank Transfer,9,active
2696,21872,12,1.25,Ireland,76,Female,VIP,Ads,Electronics,Cables,no,Cash,8,churned
2697,22847,4,14.95,Ireland,72,Male,Regular,Ads,Kitchen,Utensils,no,Cash,5,active
2698,22846,4,14.95,Ireland,33,Female,New,Referral,Home Decor,Frames,no,PayPal,3,churned
2699,22377,5,2.1,Ireland,64,Male,New,Email,Toys,Puzzles,no,Cash,3,active
2700,22378,5,2.1,Ireland,19,Female,VIP,Ads,Home Decor,Frames,no,Bank Transfer,1,churned
2701,22840,6,7.95,Ireland,36,Male,Regular,Organic,Kitchen,Appliances,no,Credit Card,8,churned
2702,22667,6,2.95,Ireland,79,Female,New,Email,Toys,Puzzles,no,Credit Card,1,active
2703,22315,12,1.25,Ireland,70,Male,VIP,Organic,Clothing,Women,no,Bank Transfer,5,active
2704,21531,6,2.55,Ireland,28,Female,New,Ads,Home Decor,Lights,yes,Credit Card,1,churned
2705,21535,6,2.55,Ireland,26,Male,VIP,Email,Toys,Outdoor,no,PayPal,8,active
2706,21533,6,4.95,Ireland,28,Female,Regular,Email,Toys,Outdoor,no,Cash,1,churned
2707,21527,6,7.95,Ireland,49,Female,VIP,Email,Electronics,Cables,no,Cash,5,active
2708,21844,36,2.55,Ireland,35,Female,Regular,Referral,Toys,Outdoor,no,Cash,2,active
2709,21539,3,4.95,Ireland,27,Female,VIP,Organic,Toys,Outdoor,no,Bank Transfer,2,churned
2710,22321,24,0.85,Ireland,33,Male,Regular,Referral,Toys,Kids,no,PayPal,2,churned
2711,22637,6,2.55,Ireland,53,Female,New,Referral,Kitchen,Storage,no,Bank Transfer,6,churned
2712,22348,12,0.85,Ireland,25,Female,Regular,Referral,Home Decor,Frames,no,Cash,7,active
2713,22203,4,3.75,Ireland,73,Female,Regular,Ads,Home Decor,Lights,no,Cash,2,active
2714,22352,12,2.55,Ireland,21,Female,VIP,Ads,Electronics,Accessories,no,Bank Transfer,4,active
2715,22907,12,0.85,Ireland,74,Male,VIP,Referral,Home Decor,Lights,no,Credit Card,4,churned
2716,22699,6,2.95,Ireland,73,Female,New,Organic,Home Decor,Lights,no,PayPal,2,churned
2717,22423,16,10.95,Ireland,78,Female,New,Email,Electronics,Gadgets,no,PayPal,8,active
2718,22136,24,1.65,Ireland,58,Female,VIP,Ads,Clothing,Men,no,Credit Card,9,churned
2719,22905,12,2.95,Ireland,52,Male,New,Ads,Toys,Puzzles,no,Bank Transfer,3,active
2720,21210,36,1.45,Ireland,56,Male,Regular,Ads,Home Decor,Lights,no,Cash,2,active
2721,21974,12,1.45,Ireland,31,Female,Regular,Referral,Electronics,Accessories,no,PayPal,6,churned
2722,22949,12,1.45,Ireland,58,Female,VIP,Organic,Home Decor,Decor,yes,Bank Transfer,8,churned
2723,84987,24,1.45,Ireland,47,Female,Regular,Email,Stationery,Art,no,Cash,1,churned
2724,84991,48,0.55,Ireland,23,Male,New,Organic,Home Decor,Frames,no,Credit Card,7,active
2725,21212,120,0.42,Ireland,50,Female,New,Ads,Stationery,Pens,no,Cash,3,churned
2726,22774,12,1.25,Ireland,79,Female,Regular,Organic,Kitchen,Storage,no,Credit Card,5,churned
2727,22775,12,1.25,Ireland,56,Female,VIP,Ads,Electronics,Cables,no,Cash,8,churned
2728,22654,6,5.95,Ireland,37,Female,New,Referral,Toys,Kids,no,Bank Transfer,9,churned
2729,22502,4,5.95,Ireland,20,Male,VIP,Ads,Stationery,Art,no,Credit Card,6,churned
2730,22501,2,9.95,Ireland,56,Male,Regular,Email,Toys,Puzzles,no,Credit Card,9,churned
2731,22854,8,4.95,Ireland,28,Female,New,Organic,Toys,Puzzles,no,PayPal,4,active
2732,22862,20,4.25,Ireland,53,Male,Regular,Ads,Clothing,Kids,no,PayPal,6,active
2733,84352,2,16.95,Ireland,30,Female,New,Referral,Stationery,Art,no,PayPal,6,churned
2734,22042,24,0.42,Ireland,26,Female,VIP,Referral,Clothing,Kids,no,PayPal,8,churned
2735,22034,24,0.42,Ireland,30,Male,VIP,Referral,Toys,Outdoor,yes,PayPal,3,churned
2736,21824,12,1.45,Ireland,56,Male,VIP,Ads,Home Decor,Decor,no,Credit Card,9,churned
2737,21825,12,1.45,Ireland,52,Female,VIP,Organic,Stationery,Art,no,Cash,6,churned
2738,22310,18,1.65,Ireland,48,Female,Regular,Ads,Electronics,Accessories,no,Bank Transfer,5,active
2739,82580,12,0.55,Ireland,51,Female,VIP,Referral,Clothing,Men,no,Bank Transfer,8,churned
2740,21648,24,1.25,Ireland,46,Female,New,Organic,Toys,Puzzles,no,PayPal,6,churned
2741,22073,4,3.75,Ireland,36,Male,VIP,Email,Toys,Puzzles,no,Credit Card,3,churned
2742,21216,4,4.95,Ireland,20,Male,Regular,Email,Home Decor,Frames,no,Bank Transfer,2,active
2743,22666,6,2.95,Ireland,45,Male,VIP,Organic,Electronics,Cables,yes,PayPal,2,active
2744,22938,48,1.65,Ireland,55,Male,VIP,Email,Electronics,Cables,no,Cash,4,churned
2745,M,1,15,United Kingdom,72,Male,New,Ads,Toys,Puzzles,no,PayPal,5,active
2746,84562A,16,6.36,United Kingdom,74,Male,VIP,Referral,Electronics,Cables,no,Credit Card,1,active
2747,21672,12,1.25,United Kingdom,47,Female,VIP,Email,Clothing,Women,yes,Bank Transfer,5,churned
2748,21673,12,1.25,United Kingdom,33,Female,VIP,Email,Electronics,Cables,no,PayPal,7,churned
2749,21181,12,2.1,United Kingdom,48,Female,VIP,Referral,Clothing,Kids,no,Credit Card,5,churned
2750,21172,12,1.45,United Kingdom,46,Female,New,Organic,Electronics,Accessories,yes,Cash,9,churned
2751,85150,6,2.55,United Kingdom,37,Female,Regular,Email,Electronics,Gadgets,no,Credit Card,1,churned
2752,48194,2,7.95,United Kingdom,32,Male,VIP,Ads,Toys,Kids,no,Cash,2,churned
2753,48111,2,7.95,United Kingdom,58,Female,Regular,Ads,Home Decor,Decor,no,Bank Transfer,9,churned
2754,21524,2,7.95,United Kingdom,45,Male,Regular,Referral,Clothing,Women,no,Cash,9,churned
2755,22593,24,0.85,United Kingdom,33,Male,VIP,Email,Home Decor,Frames,no,Credit Card,9,active
2756,22594,12,0.85,United Kingdom,21,Female,Regular,Email,Toys,Puzzles,no,Cash,9,churned
2757,22595,24,0.85,United Kingdom,29,Male,Regular,Organic,Home Decor,Lights,no,Credit Card,1,active
2758,22694,6,2.1,United Kingdom,38,Male,New,Organic,Stationery,Art,no,PayPal,2,churned
2759,22842,2,6.75,United Kingdom,49,Female,New,Organic,Home Decor,Frames,no,Credit Card,2,churned
2760,22843,2,6.75,United Kingdom,75,Male,New,Referral,Clothing,Men,no,Bank Transfer,6,churned
2761,21231,12,1.25,United Kingdom,32,Female,New,Ads,Kitchen,Utensils,no,PayPal,7,active
2762,22687,2,7.95,United Kingdom,39,Male,Regular,Ads,Home Decor,Frames,no,Bank Transfer,1,churned
2763,22065,12,1.45,United Kingdom,35,Female,VIP,Referral,Home Decor,Frames,no,Bank Transfer,1,active
2764,85048,2,7.95,United Kingdom,53,Female,Regular,Referral,Home Decor,Frames,no,Credit Card,2,active
2765,21136,16,1.69,United Kingdom,74,Female,VIP,Organic,Stationery,Books,no,Bank Transfer,5,churned
2766,22470,6,2.95,United Kingdom,76,Female,Regular,Organic,Electronics,Accessories,yes,PayPal,4,churned
2767,84879,16,1.69,United Kingdom,46,Female,VIP,Ads,Electronics,Gadgets,no,PayPal,9,churned
2768,22838,1,14.95,United Kingdom,56,Male,Regular,Organic,Electronics,Gadgets,yes,Cash,6,active
2769,22839,1,14.95,United Kingdom,38,Male,New,Organic,Clothing,Men,no,Credit Card,1,active
2770,22840,2,7.95,United Kingdom,53,Male,VIP,Organic,Home Decor,Lights,no,Bank Transfer,8,churned
2771,22841,2,7.95,United Kingdom,60,Female,New,Referral,Kitchen,Utensils,no,PayPal,5,churned
2772,22846,1,16.95,United Kingdom,76,Male,VIP,Organic,Clothing,Kids,no,Bank Transfer,3,active
2773,22847,1,16.95,United Kingdom,43,Male,New,Ads,Electronics,Cables,no,Credit Card,1,active
2774,21591,24,1.25,United Kingdom,64,Female,Regular,Organic,Clothing,Kids,no,PayPal,9,active
2775,21587,12,2.55,United Kingdom,76,Female,VIP,Organic,Toys,Outdoor,no,Cash,1,active
2776,21584,20,1.65,United Kingdom,61,Female,New,Ads,Stationery,Pens,no,Cash,7,churned
2777,21592,24,1.25,United Kingdom,32,Male,Regular,Email,Kitchen,Storage,no,Bank Transfer,8,active
2778,21668,12,1.25,United Kingdom,64,Male,VIP,Organic,Home Decor,Frames,no,Credit Card,5,churned
2779,21669,12,1.25,United Kingdom,30,Male,Regular,Ads,Clothing,Kids,no,Cash,7,active
2780,21670,12,1.25,United Kingdom,53,Male,Regular,Organic,Stationery,Pens,yes,Bank Transfer,5,churned
2781,21671,12,1.25,United Kingdom,22,Female,New,Email,Home Decor,Lights,no,Bank Transfer,7,active
2782,22139,24,4.25,United Kingdom,29,Female,VIP,Referral,Home Decor,Decor,yes,Cash,4,churned
2783,21365,24,1.25,United Kingdom,72,Female,New,Referral,Clothing,Men,no,Credit Card,9,active
2784,21373,24,0.85,United Kingdom,43,Female,VIP,Organic,Clothing,Men,no,Bank Transfer,4,churned
2785,22636,8,7.65,United Kingdom,37,Female,New,Email,Toys,Kids,no,Cash,5,churned
2786,22738,10,1.65,United Kingdom,23,Female,Regular,Organic,Electronics,Gadgets,no,Credit Card,8,active
2787,22467,12,2.55,United Kingdom,20,Male,VIP,Organic,Kitchen,Appliances,no,Bank Transfer,1,churned
2788,21192,24,1.65,United Kingdom,30,Female,VIP,Organic,Electronics,Gadgets,no,Bank Transfer,9,active
2789,35004C,3,5.45,United Kingdom,32,Male,New,Ads,Home Decor,Decor,no,Bank Transfer,2,churned
2790,84559B,12,0.85,United Kingdom,64,Female,Regular,Ads,Home Decor,Lights,no,Bank Transfer,1,churned
2791,84559A,12,0.85,United Kingdom,20,Female,VIP,Ads,Clothing,Women,no,Bank Transfer,6,churned
2792,22040,25,0.42,United Kingdom,61,Male,Regular,Referral,Electronics,Gadgets,no,Cash,8,churned
2793,22045,25,0.42,United Kingdom,23,Female,VIP,Email,Kitchen,Storage,no,PayPal,2,churned
2794,21497,25,0.42,United Kingdom,55,Male,VIP,Referral,Stationery,Pens,no,Cash,5,active
2795,22707,25,0.42,United Kingdom,36,Male,VIP,Referral,Kitchen,Storage,no,Cash,6,active
2796,22052,25,0.42,United Kingdom,19,Male,VIP,Email,Toys,Puzzles,no,Cash,6,churned
2797,22704,25,0.42,United Kingdom,49,Female,New,Email,Clothing,Women,yes,PayPal,2,churned
2798,22705,25,0.42,United Kingdom,35,Female,VIP,Email,Toys,Puzzles,no,Bank Transfer,3,churned
2799,84029E,4,3.75,United Kingdom,25,Male,Regular,Ads,Kitchen,Storage,no,Cash,7,churned
2800,22112,3,4.95,United Kingdom,22,Female,Regular,Email,Toys,Kids,no,Credit Card,5,churned
2801,22114,4,3.95,United Kingdom,49,Male,New,Email,Kitchen,Storage,no,Credit Card,5,churned
2802,22357,4,4.25,United Kingdom,52,Male,VIP,Email,Toys,Kids,no,Bank Transfer,5,churned
2803,22358,6,2.95,United Kingdom,29,Female,New,Ads,Toys,Kids,no,Credit Card,3,active
2804,21165,12,1.69,United Kingdom,57,Male,VIP,Ads,Kitchen,Appliances,no,PayPal,8,churned
2805,22412,12,2.1,United Kingdom,35,Male,New,Organic,Kitchen,Appliances,no,PayPal,9,churned
2806,22670,12,1.25,United Kingdom,48,Female,New,Ads,Stationery,Art,no,Bank Transfer,9,active
2807,22672,12,1.65,United Kingdom,69,Female,VIP,Ads,Home Decor,Lights,no,PayPal,1,churned
2808,84945,192,0.72,United Kingdom,34,Female,VIP,Ads,Kitchen,Storage,no,Cash,5,churned
2809,84950,96,0.55,United Kingdom,19,Male,New,Email,Kitchen,Utensils,no,PayPal,3,churned
2810,22119,1,6.95,United Kingdom,70,Male,Regular,Organic,Toys,Puzzles,no,Credit Card,3,churned
2811,72800E,4,2.55,United Kingdom,72,Female,Regular,Email,Kitchen,Utensils,no,Bank Transfer,1,churned
2812,72799E,2,2.95,United Kingdom,40,Female,Regular,Ads,Toys,Outdoor,no,Cash,6,churned
2813,22791,6,1.25,United Kingdom,54,Female,Regular,Ads,Stationery,Pens,no,Bank Transfer,3,churned
2814,21692,2,3.75,United Kingdom,34,Female,Regular,Organic,Kitchen,Appliances,no,Cash,6,active
2815,85144,1,7.25,United Kingdom,71,Male,VIP,Organic,Home Decor,Lights,no,Bank Transfer,1,churned
2816,84975,1,1.69,United Kingdom,53,Male,VIP,Organic,Kitchen,Storage,no,Bank Transfer,6,churned
2817,21294,2,1.25,United Kingdom,68,Male,Regular,Ads,Toys,Kids,no,Cash,8,active
2818,85106,2,2.55,United Kingdom,23,Male,New,Email,Kitchen,Storage,no,Bank Transfer,7,churned
2819,21314,3,2.1,United Kingdom,18,Male,VIP,Referral,Kitchen,Utensils,no,Credit Card,8,active
2820,84947,6,1.25,United Kingdom,22,Female,New,Organic,Stationery,Pens,no,Credit Card,9,churned
2821,21146,24,1.95,United Kingdom,41,Female,Regular,Organic,Toys,Kids,no,PayPal,8,churned
2822,84754,24,1.25,United Kingdom,45,Female,New,Ads,Stationery,Art,no,Cash,2,churned
2823,84687,1,5.95,United Kingdom,68,Female,Regular,Referral,Stationery,Books,no,PayPal,3,churned
2824,85141,2,10.75,United Kingdom,51,Male,New,Referral,Clothing,Women,no,Cash,8,churned
2825,82484,2,6.45,United Kingdom,18,Female,New,Organic,Kitchen,Appliances,no,Credit Card,5,active
2826,46115B,44,0.19,United Kingdom,46,Female,Regular,Email,Kitchen,Utensils,no,Credit Card,8,active
2827,22909,13,0.85,United Kingdom,34,Male,VIP,Email,Electronics,Accessories,no,Credit Card,6,active
2828,22650,1,1.45,United Kingdom,46,Female,Regular,Organic,Home Decor,Decor,no,Bank Transfer,9,churned
2829,84836,6,1.25,United Kingdom,66,Female,VIP,Ads,Home Decor,Frames,no,Credit Card,2,churned
2830,22855,6,1.25,United Kingdom,56,Male,Regular,Referral,Clothing,Kids,no,Bank Transfer,3,churned
2831,20723,6,0.85,United Kingdom,79,Male,VIP,Email,Toys,Kids,yes,PayPal,7,churned
2832,20724,4,0.85,United Kingdom,51,Male,VIP,Referral,Clothing,Women,yes,PayPal,1,active
2833,20719,2,0.85,United Kingdom,25,Female,VIP,Ads,Clothing,Men,no,Cash,3,churned
2834,22356,2,0.85,United Kingdom,40,Male,New,Referral,Home Decor,Decor,no,Cash,3,active
2835,10002,4,0.85,United Kingdom,75,Male,VIP,Email,Toys,Outdoor,no,Cash,8,churned
2836,21914,4,1.25,United Kingdom,69,Female,New,Referral,Home Decor,Decor,no,PayPal,2,active
2837,47566,1,4.65,United Kingdom,63,Female,VIP,Email,Electronics,Gadgets,yes,PayPal,5,churned
2838,21790,6,0.85,United Kingdom,64,Male,New,Ads,Home Decor,Lights,no,Cash,5,active
2839,21590,1,1.25,United Kingdom,40,Female,VIP,Organic,Clothing,Kids,no,Credit Card,1,active
2840,47578A,1,0.85,United Kingdom,77,Female,Regular,Ads,Clothing,Kids,no,PayPal,6,churned
2841,22553,1,1.65,United Kingdom,26,Male,New,Email,Stationery,Art,no,Bank Transfer,7,churned
2842,22556,1,1.65,United Kingdom,18,Female,VIP,Referral,Electronics,Accessories,no,PayPal,5,churned
2843,22557,2,1.65,United Kingdom,64,Male,New,Email,Stationery,Pens,no,Bank Transfer,3,churned
2844,21967,3,0.29,United Kingdom,26,Male,New,Referral,Home Decor,Decor,no,Cash,7,active
2845,20973,2,0.65,United Kingdom,26,Male,New,Organic,Stationery,Art,no,Bank Transfer,6,active
2846,79071B,1,2.95,United Kingdom,54,Female,VIP,Ads,Toys,Puzzles,no,PayPal,4,churned
2847,22348,1,0.85,United Kingdom,22,Female,New,Organic,Clothing,Kids,no,Bank Transfer,1,active
2848,84971S,2,0.85,United Kingdom,61,Female,Regular,Ads,Clothing,Kids,no,Cash,5,churned
2849,35015,10,0.06,United Kingdom,40,Female,New,Organic,Electronics,Gadgets,no,Bank Transfer,5,active
2850,21467,1,3.75,United Kingdom,79,Female,New,Organic,Electronics,Gadgets,no,Bank Transfer,6,churned
2851,21466,1,3.75,United Kingdom,23,Female,New,Organic,Electronics,Cables,yes,Credit Card,3,churned
2852,22181,5,0.85,United Kingdom,62,Male,VIP,Organic,Kitchen,Utensils,no,PayPal,3,churned
2853,21166,4,1.95,United Kingdom,50,Female,VIP,Email,Kitchen,Utensils,no,Credit Card,4,churned
2854,21175,2,2.1,United Kingdom,45,Male,VIP,Referral,Home Decor,Frames,no,PayPal,3,churned
2855,85152,2,2.1,United Kingdom,48,Male,New,Referral,Electronics,Cables,no,PayPal,6,churned
2856,22196,4,0.85,United Kingdom,46,Male,Regular,Ads,Clothing,Women,no,Credit Card,8,active
2857,22951,1,0.55,United Kingdom,62,Male,VIP,Email,Clothing,Men,no,PayPal,5,active
2858,84992,4,0.55,United Kingdom,75,Female,VIP,Organic,Kitchen,Utensils,no,Cash,2,active
2859,22614,1,0.29,United Kingdom,27,Male,New,Email,Stationery,Pens,no,Cash,8,active
2860,21429,2,1.65,United Kingdom,69,Female,Regular,Organic,Stationery,Books,yes,Credit Card,6,churned
2861,22077,4,1.65,United Kingdom,34,Female,VIP,Organic,Toys,Outdoor,no,Credit Card,6,active
2862,84536B,32,0.42,United Kingdom,18,Female,New,Email,Toys,Puzzles,no,PayPal,7,churned
2863,84520B,6,0.85,United Kingdom,78,Female,VIP,Ads,Kitchen,Appliances,no,Credit Card,2,churned
2864,21232,20,1.25,United Kingdom,23,Male,Regular,Ads,Clothing,Women,no,Cash,3,active
2865,21877,2,1.25,United Kingdom,46,Female,Regular,Ads,Clothing,Women,no,Cash,7,churned
2866,21875,2,1.25,United Kingdom,51,Female,VIP,Ads,Home Decor,Lights,yes,Cash,2,churned
2867,21871,2,1.25,United Kingdom,34,Male,Regular,Ads,Clothing,Men,no,Credit Card,6,churned
2868,22892,6,1.25,United Kingdom,22,Male,Regular,Ads,Stationery,Books,no,Credit Card,9,churned
2869,21967,1,0.29,United Kingdom,42,Male,VIP,Organic,Home Decor,Frames,no,Bank Transfer,6,active
2870,22614,13,0.29,United Kingdom,31,Male,New,Referral,Electronics,Cables,no,Credit Card,8,churned
2871,21985,8,0.29,United Kingdom,36,Female,VIP,Referral,Kitchen,Storage,no,Cash,9,churned
2872,21080,6,0.85,United Kingdom,53,Male,VIP,Ads,Clothing,Men,no,PayPal,1,active
2873,21078,6,0.85,United Kingdom,43,Female,Regular,Ads,Kitchen,Storage,no,Cash,8,active
2874,22138,2,4.95,United Kingdom,49,Male,VIP,Ads,Electronics,Accessories,no,Bank Transfer,3,churned
2875,22617,2,4.95,United Kingdom,74,Female,Regular,Email,Kitchen,Storage,yes,Cash,5,churned
2876,21071,2,1.25,United Kingdom,62,Male,Regular,Referral,Clothing,Men,no,Cash,1,active
2877,21070,2,1.25,United Kingdom,61,Male,Regular,Email,Stationery,Pens,yes,Bank Transfer,4,churned
2878,22747,2,2.1,United Kingdom,18,Male,Regular,Organic,Clothing,Kids,no,Credit Card,3,churned
2879,22746,2,2.1,United Kingdom,18,Male,New,Ads,Clothing,Kids,no,PayPal,2,churned
2880,22702,1,2.1,United Kingdom,50,Male,VIP,Ads,Toys,Kids,no,Credit Card,4,churned
2881,21486,1,3.75,United Kingdom,56,Male,VIP,Organic,Clothing,Women,no,Credit Card,7,churned
2882,21485,1,4.95,United Kingdom,38,Female,VIP,Organic,Electronics,Accessories,no,Bank Transfer,9,churned
2883,84030E,2,4.25,United Kingdom,62,Male,VIP,Referral,Electronics,Gadgets,no,Bank Transfer,6,churned
2884,21479,1,3.75,United Kingdom,21,Female,VIP,Organic,Toys,Kids,no,Cash,6,churned
2885,22665,2,2.95,United Kingdom,24,Female,Regular,Ads,Kitchen,Storage,no,Credit Card,8,active
2886,22090,2,2.95,United Kingdom,28,Female,New,Email,Clothing,Women,no,Bank Transfer,5,churned
2887,22089,2,2.95,United Kingdom,77,Male,New,Organic,Stationery,Art,yes,Bank Transfer,5,active
2888,21988,1,0.85,United Kingdom,41,Male,VIP,Referral,Electronics,Gadgets,no,PayPal,3,churned
2889,84997C,1,3.75,United Kingdom,65,Male,Regular,Email,Home Decor,Frames,no,Bank Transfer,1,churned
2890,84997B,1,3.75,United Kingdom,28,Female,Regular,Referral,Toys,Puzzles,yes,PayPal,1,churned
2891,84997A,1,3.75,United Kingdom,75,Male,New,Organic,Stationery,Books,no,Bank Transfer,5,active
2892,22697,3,2.95,United Kingdom,56,Female,VIP,Referral,Home Decor,Frames,no,Credit Card,4,churned
2893,22697,3,2.95,United Kingdom,42,Male,VIP,Ads,Toys,Outdoor,no,Credit Card,9,churned
2894,22805,12,1.25,United Kingdom,57,Female,New,Email,Kitchen,Utensils,no,Bank Transfer,1,churned
2895,22774,12,1.25,United Kingdom,34,Male,Regular,Referral,Home Decor,Lights,no,Credit Card,5,churned
2896,22771,12,1.25,United Kingdom,49,Female,Regular,Organic,Kitchen,Storage,no,Cash,7,active
2897,22775,12,1.25,United Kingdom,19,Female,VIP,Organic,Electronics,Gadgets,no,PayPal,2,churned
2898,90146,2,7.5,United Kingdom,47,Female,VIP,Email,Clothing,Kids,no,PayPal,6,churned
2899,90147,2,9.95,United Kingdom,46,Female,Regular,Ads,Stationery,Pens,no,PayPal,8,churned
2900,90175A,2,8.95,United Kingdom,74,Female,Regular,Email,Kitchen,Appliances,no,Credit Card,7,churned
2901,90184B,2,8.95,United Kingdom,20,Male,VIP,Referral,Home Decor,Decor,no,Credit Card,6,churned
2902,22815,12,0.42,United Kingdom,72,Female,VIP,Ads,Clothing,Kids,no,PayPal,7,churned
2903,17003,36,0.21,United Kingdom,24,Female,Regular,Referral,Electronics,Gadgets,no,Credit Card,5,churned
2904,22817,12,0.42,United Kingdom,73,Male,Regular,Referral,Kitchen,Storage,no,Credit Card,6,churned
2905,22814,12,0.42,United Kingdom,69,Female,Regular,Organic,Electronics,Gadgets,yes,Cash,5,churned
2906,22507,1,4.95,United Kingdom,75,Female,VIP,Referral,Home Decor,Lights,yes,Credit Card,7,churned
2907,22505,2,4.95,United Kingdom,51,Male,New,Ads,Electronics,Gadgets,no,Cash,8,active
2908,79321,1,4.95,United Kingdom,19,Female,VIP,Referral,Home Decor,Lights,no,Credit Card,1,churned
2909,22749,3,3.75,United Kingdom,19,Female,VIP,Referral,Clothing,Men,no,Credit Card,7,churned
2910,22985,25,0.42,United Kingdom,59,Female,Regular,Referral,Toys,Outdoor,yes,Cash,2,active
2911,21498,25,0.42,United Kingdom,31,Male,VIP,Organic,Kitchen,Appliances,no,Cash,6,churned
2912,16169K,25,0.42,United Kingdom,22,Male,Regular,Referral,Toys,Kids,no,PayPal,4,churned
2913,22037,12,0.42,United Kingdom,78,Female,New,Email,Toys,Outdoor,no,Credit Card,9,churned
2914,22983,12,0.42,United Kingdom,62,Female,Regular,Ads,Clothing,Kids,yes,PayPal,6,churned
2915,21731,6,1.65,United Kingdom,38,Male,New,Email,Kitchen,Appliances,no,Cash,5,active
2916,21556,2,2.55,United Kingdom,77,Female,New,Organic,Stationery,Art,no,Bank Transfer,4,active
2917,21452,1,2.95,United Kingdom,60,Female,New,Ads,Toys,Outdoor,no,Cash,9,churned
2918,22120,1,9.95,United Kingdom,22,Male,New,Email,Clothing,Women,yes,Credit Card,9,churned
2919,85064,2,5.45,United Kingdom,23,Female,VIP,Ads,Kitchen,Utensils,no,Cash,3,churned
2920,21754,2,5.95,United Kingdom,18,Female,Regular,Ads,Clothing,Women,yes,Credit Card,1,active
2921,21755,2,5.95,United Kingdom,69,Male,VIP,Email,Stationery,Pens,no,Bank Transfer,9,churned
2922,85068,2,7.95,United Kingdom,69,Male,Regular,Email,Home Decor,Frames,no,Cash,5,active
2923,82486,2,7.95,United Kingdom,62,Female,Regular,Email,Clothing,Kids,no,PayPal,1,active
2924,22766,4,2.95,United Kingdom,44,Female,Regular,Ads,Electronics,Accessories,no,Credit Card,4,active
2925,22634,1,9.95,United Kingdom,26,Male,VIP,Ads,Clothing,Kids,no,Credit Card,7,active
2926,22768,1,9.95,United Kingdom,69,Male,VIP,Email,Stationery,Pens,no,Cash,8,churned
2927,21429,4,1.65,United Kingdom,67,Female,New,Referral,Toys,Outdoor,no,Cash,5,churned
2928,84406B,1,3.25,United Kingdom,28,Male,New,Email,Stationery,Pens,no,Credit Card,1,churned
2929,22173,2,2.95,United Kingdom,45,Female,Regular,Ads,Clothing,Kids,no,Cash,5,churned
2930,84792,2,4.65,United Kingdom,52,Female,Regular,Ads,Electronics,Accessories,no,Bank Transfer,5,active
2931,22726,1,3.75,United Kingdom,61,Female,VIP,Organic,Kitchen,Appliances,no,Credit Card,2,active
2932,22467,2,2.55,United Kingdom,40,Male,VIP,Email,Electronics,Gadgets,no,PayPal,9,active
2933,21430,1,3.75,United Kingdom,37,Male,New,Email,Clothing,Kids,no,Credit Card,8,churned
2934,22423,2,12.75,United Kingdom,55,Male,Regular,Email,Home Decor,Decor,yes,Cash,3,active
2935,21428,1,4.25,United Kingdom,31,Female,Regular,Ads,Toys,Kids,yes,Cash,5,churned
2936,21094,4,0.85,United Kingdom,45,Male,VIP,Email,Electronics,Accessories,no,Credit Card,2,churned
2937,21080,3,0.85,United Kingdom,27,Female,New,Organic,Stationery,Art,no,PayPal,3,active
2938,21086,4,0.65,United Kingdom,29,Female,New,Ads,Home Decor,Lights,no,Cash,5,churned
2939,22635,1,9.95,United Kingdom,69,Male,New,Email,Stationery,Pens,no,PayPal,3,active
2940,21670,6,1.25,United Kingdom,27,Male,New,Organic,Electronics,Cables,no,Bank Transfer,3,active
2941,21669,6,1.25,United Kingdom,53,Female,VIP,Organic,Stationery,Pens,no,PayPal,6,churned
2942,21668,6,1.25,United Kingdom,69,Female,Regular,Ads,Clothing,Women,no,Bank Transfer,5,churned
2943,21673,6,1.25,United Kingdom,34,Female,New,Organic,Clothing,Men,no,Cash,9,churned
2944,21672,6,1.25,United Kingdom,32,Female,VIP,Ads,Electronics,Accessories,yes,Bank Transfer,7,churned
2945,21671,6,1.25,United Kingdom,66,Male,VIP,Email,Home Decor,Decor,no,Credit Card,5,active
2946,21877,6,1.25,United Kingdom,22,Male,New,Organic,Home Decor,Decor,no,Bank Transfer,3,churned
2947,85231G,3,0.85,United Kingdom,19,Male,VIP,Email,Home Decor,Decor,no,PayPal,3,churned
2948,85231B,3,0.85,United Kingdom,76,Female,VIP,Organic,Home Decor,Decor,no,PayPal,7,active
2949,21121,4,1.25,United Kingdom,78,Male,Regular,Email,Kitchen,Utensils,no,Cash,1,churned
2950,21123,4,1.25,United Kingdom,51,Male,Regular,Email,Toys,Puzzles,no,Cash,8,active
2951,21122,4,1.25,United Kingdom,23,Male,New,Email,Kitchen,Storage,no,PayPal,3,churned
2952,21124,4,1.25,United Kingdom,75,Male,New,Organic,Clothing,Women,no,PayPal,2,churned
2953,21871,6,1.25,United Kingdom,35,Female,Regular,Referral,Clothing,Men,no,Bank Transfer,6,churned
2954,21872,6,1.25,United Kingdom,34,Female,VIP,Referral,Stationery,Art,no,Cash,5,churned
2955,21870,6,1.25,United Kingdom,26,Male,VIP,Organic,Stationery,Pens,no,Credit Card,3,active
2956,22745,2,2.1,United Kingdom,35,Female,VIP,Ads,Home Decor,Frames,no,PayPal,6,churned
2957,22748,2,2.1,United Kingdom,29,Female,Regular,Ads,Toys,Puzzles,no,Bank Transfer,6,churned
2958,72821,1,1.65,United Kingdom,69,Male,VIP,Ads,Stationery,Books,no,Bank Transfer,8,active
2959,72819,1,2.55,United Kingdom,48,Female,Regular,Referral,Clothing,Men,no,Bank Transfer,2,churned
2960,21067,1,1.25,United Kingdom,39,Male,VIP,Email,Home Decor,Lights,no,Credit Card,7,churned
2961,21430,1,3.75,United Kingdom,24,Male,Regular,Organic,Toys,Kids,no,Credit Card,1,churned
2962,20829,1,2.1,United Kingdom,71,Male,Regular,Organic,Kitchen,Utensils,no,Bank Transfer,3,active
2963,22578,3,0.85,United Kingdom,68,Female,New,Email,Kitchen,Utensils,no,Credit Card,8,churned
2964,22577,3,0.85,United Kingdom,67,Female,New,Referral,Kitchen,Appliances,no,Cash,6,churned
2965,22297,3,1.25,United Kingdom,71,Male,New,Ads,Home Decor,Lights,no,Credit Card,6,churned
2966,85084,3,0.85,United Kingdom,77,Female,VIP,Organic,Toys,Puzzles,no,Bank Transfer,9,active
2967,21429,1,1.65,United Kingdom,33,Female,New,Referral,Home Decor,Lights,no,Bank Transfer,8,active
2968,22755,6,0.85,United Kingdom,32,Female,VIP,Ads,Toys,Outdoor,no,Credit Card,8,churned
2969,85232B,1,4.95,United Kingdom,40,Male,VIP,Referral,Toys,Kids,no,Bank Transfer,3,churned
2970,22567,2,1.25,United Kingdom,36,Male,VIP,Referral,Stationery,Art,no,Credit Card,4,churned
2971,72802A,1,4.25,United Kingdom,20,Male,New,Organic,Stationery,Pens,no,PayPal,3,churned
2972,72802C,1,4.25,United Kingdom,54,Male,VIP,Email,Electronics,Cables,no,PayPal,4,churned
2973,85123A,3,2.95,United Kingdom,38,Male,VIP,Ads,Electronics,Cables,no,Bank Transfer,5,active
2974,21754,3,5.95,United Kingdom,55,Male,New,Ads,Clothing,Women,no,Cash,6,active
2975,82494L,2,2.95,United Kingdom,37,Female,New,Email,Home Decor,Frames,no,PayPal,3,churned
2976,21485,4,4.95,United Kingdom,54,Male,VIP,Ads,Clothing,Men,no,Cash,5,active
2977,82482,5,2.55,United Kingdom,30,Female,Regular,Referral,Kitchen,Utensils,no,Credit Card,9,active
2978,M,1,2.55,United Kingdom,73,Male,New,Referral,Home Decor,Frames,yes,PayPal,3,churned
2979,22483,1,2.95,United Kingdom,38,Female,New,Email,Stationery,Art,no,Cash,8,active
2980,22096,1,1.25,United Kingdom,25,Male,Regular,Referral,Home Decor,Frames,no,Bank Transfer,7,churned
2981,20727,1,1.65,United Kingdom,20,Female,Regular,Ads,Home Decor,Decor,no,PayPal,4,churned
2982,21531,1,2.55,United Kingdom,43,Female,VIP,Email,Toys,Kids,yes,Credit Card,9,churned
2983,21929,1,1.95,United Kingdom,72,Female,New,Organic,Stationery,Books,no,Bank Transfer,3,active
2984,21559,1,2.55,United Kingdom,54,Male,Regular,Referral,Electronics,Accessories,no,PayPal,6,active
2985,22071,1,3.75,United Kingdom,59,Male,New,Email,Electronics,Gadgets,no,Bank Transfer,4,active
2986,72802C,1,4.25,United Kingdom,60,Male,Regular,Ads,Stationery,Pens,no,Credit Card,1,churned
2987,72802B,1,4.25,United Kingdom,74,Male,Regular,Email,Clothing,Women,no,PayPal,3,churned
2988,22852,1,4.25,United Kingdom,21,Female,Regular,Email,Toys,Puzzles,no,Bank Transfer,5,churned
2989,22579,2,0.85,United Kingdom,30,Male,VIP,Organic,Toys,Kids,no,Bank Transfer,6,active
2990,22578,1,0.85,United Kingdom,72,Female,Regular,Email,Kitchen,Utensils,no,Cash,9,churned
2991,22577,1,0.85,United Kingdom,71,Female,Regular,Organic,Toys,Kids,no,Cash,7,active
2992,20974,1,0.65,United Kingdom,20,Male,New,Organic,Toys,Puzzles,no,Cash,1,churned
2993,22553,1,1.65,United Kingdom,36,Female,New,Referral,Electronics,Cables,no,PayPal,3,churned
2994,22866,1,2.1,United Kingdom,32,Female,New,Email,Stationery,Pens,no,PayPal,2,active
2995,22634,1,9.95,United Kingdom,60,Female,New,Organic,Stationery,Art,no,PayPal,1,churned
2996,22138,1,4.95,United Kingdom,54,Male,Regular,Email,Electronics,Cables,no,Credit Card,8,churned
2997,84030E,1,4.25,United Kingdom,24,Male,New,Email,Kitchen,Utensils,no,Bank Transfer,2,churned
2998,21836,1,3.75,United Kingdom,19,Male,New,Organic,Home Decor,Lights,no,PayPal,9,churned
2999,84247E,1,2.95,United Kingdom,65,Male,Regular,Email,Kitchen,Storage,no,Credit Card,2,active
3000,22072,1,3.75,United Kingdom,61,Male,VIP,Referral,Clothing,Women,no,PayPal,6,active
3000,22072,1,3.75,United Kingdom,61,Male,VIP,Referral,Clothing,Women,no,PayPal,6,active
3000,22072,1,3.75,United Kingdom,61,Male,VIP,Referral,Clothing,Women,no,PayPal,6,active
3000,22072,1,3.75,United Kingdom,61,Male,VIP,Referral,Clothing,Women,no,PayPal,6,active
3000,22072,1,3.75,United Kingdom,61,Male,VIP,Referral,Clothing,Women,no,PayPal,6,active
3000,22072,1,3.75,United Kingdom,61,Male,VIP,Referral,Clothing,Women,no,PayPal,6,active
3001,22070,1,3.75,United Kingdom,48,Female,New,Organic,Toys,Puzzles,no,PayPal,2,churned
3002,21588,1,2.55,United Kingdom,29,Female,VIP,Organic,Clothing,Men,yes,Credit Card,9,active
3003,22624,1,8.5,United Kingdom,72,Male,New,Referral,Stationery,Pens,no,Cash,3,churned
3004,21314,1,2.1,United Kingdom,71,Female,New,Ads,Clothing,Women,no,Cash,3,active
3005,21930,1,1.95,United Kingdom,59,Male,New,Ads,Electronics,Cables,no,PayPal,5,active
3006,84575A,1,5.95,United Kingdom,39,Male,VIP,Ads,Kitchen,Appliances,no,Bank Transfer,2,active
3007,84880,4,5.95,United Kingdom,19,Female,New,Email,Home Decor,Lights,no,PayPal,1,churned
3008,22434,1,1.95,United Kingdom,44,Male,VIP,Organic,Clothing,Kids,no,Cash,9,churned
3009,84030E,1,4.25,United Kingdom,57,Female,VIP,Referral,Electronics,Accessories,no,Credit Card,8,churned
3010,85124C,2,2.55,United Kingdom,45,Female,New,Email,Toys,Kids,yes,Bank Transfer,5,churned
3011,22613,2,0.85,United Kingdom,72,Female,Regular,Organic,Toys,Outdoor,no,PayPal,3,active
3012,22909,4,0.85,United Kingdom,60,Male,VIP,Referral,Electronics,Gadgets,no,Bank Transfer,7,churned
3013,47563A,1,3.75,United Kingdom,50,Male,VIP,Ads,Kitchen,Appliances,no,PayPal,9,churned
3014,72817,4,1.25,United Kingdom,70,Male,New,Email,Toys,Outdoor,no,Cash,2,active
3015,22818,12,0.42,United Kingdom,62,Female,Regular,Email,Electronics,Gadgets,no,Credit Card,2,active
3016,22198,2,1.65,United Kingdom,49,Female,Regular,Email,Home Decor,Decor,no,Cash,5,churned
3017,21867,1,1.25,United Kingdom,37,Male,New,Organic,Electronics,Gadgets,no,Credit Card,3,churned
3018,21478,1,3.75,United Kingdom,67,Male,Regular,Referral,Home Decor,Frames,no,Credit Card,8,active
3019,21867,1,1.25,United Kingdom,42,Male,Regular,Organic,Electronics,Cables,no,Cash,5,active
3020,84247E,1,2.95,United Kingdom,76,Male,New,Organic,Kitchen,Utensils,no,PayPal,6,active
3021,22034,12,0.42,United Kingdom,68,Male,VIP,Referral,Clothing,Women,no,Credit Card,2,active
3022,22086,1,2.95,United Kingdom,20,Male,VIP,Email,Clothing,Women,no,Credit Card,7,churned
3023,22474,1,4.95,United Kingdom,60,Female,Regular,Ads,Clothing,Women,no,Cash,1,active
3024,22385,1,1.95,United Kingdom,74,Male,Regular,Referral,Home Decor,Decor,no,Bank Transfer,9,churned
3025,21523,4,7.95,United Kingdom,55,Female,Regular,Organic,Electronics,Gadgets,no,Cash,3,active
3026,79000,12,0.85,United Kingdom,57,Male,Regular,Ads,Electronics,Accessories,no,Cash,6,churned
3027,71053,6,3.75,United Kingdom,57,Male,VIP,Referral,Clothing,Men,no,PayPal,5,churned
3028,21911,12,1.65,United Kingdom,38,Male,Regular,Referral,Home Decor,Lights,no,Bank Transfer,3,churned
3029,84978,12,1.25,United Kingdom,38,Male,Regular,Referral,Stationery,Books,no,PayPal,8,churned
3030,84029E,12,3.75,United Kingdom,78,Male,Regular,Email,Toys,Puzzles,no,Cash,8,churned
3031,21172,12,1.45,United Kingdom,55,Female,Regular,Email,Stationery,Pens,no,Cash,4,churned
3032,21179,12,1.25,United Kingdom,63,Female,Regular,Referral,Kitchen,Utensils,no,Cash,7,churned
3033,84985A,12,1.45,United Kingdom,64,Female,VIP,Email,Home Decor,Lights,no,Cash,7,churned
3034,21535,6,2.55,United Kingdom,63,Female,New,Email,Stationery,Pens,no,Credit Card,3,churned
3035,21844,6,2.95,United Kingdom,49,Male,VIP,Ads,Home Decor,Decor,no,Bank Transfer,5,churned
3036,21041,6,2.95,United Kingdom,55,Female,Regular,Referral,Stationery,Art,no,Bank Transfer,9,active
3037,21218,6,3.75,United Kingdom,62,Female,New,Referral,Clothing,Women,no,Cash,1,churned
3038,21217,1,9.95,United Kingdom,79,Male,New,Organic,Stationery,Books,no,PayPal,5,churned
3039,21216,4,4.95,United Kingdom,42,Male,VIP,Email,Clothing,Kids,no,Cash,6,churned
3040,22867,24,2.1,United Kingdom,66,Female,New,Email,Electronics,Accessories,no,PayPal,9,active
3041,22866,24,2.1,United Kingdom,66,Male,VIP,Ads,Electronics,Cables,no,Cash,3,churned
3042,22835,12,4.65,United Kingdom,38,Female,New,Referral,Electronics,Accessories,no,Bank Transfer,2,churned
3043,22834,24,2.1,United Kingdom,54,Female,New,Email,Kitchen,Appliances,no,PayPal,9,churned
3044,22633,24,2.1,United Kingdom,27,Female,VIP,Referral,Home Decor,Lights,no,Cash,7,active
3045,22632,24,2.1,United Kingdom,79,Female,Regular,Organic,Stationery,Books,no,PayPal,5,active
3046,22112,12,4.95,United Kingdom,75,Male,New,Organic,Stationery,Pens,no,Cash,1,churned
3047,21484,12,3.45,United Kingdom,54,Female,Regular,Referral,Toys,Outdoor,no,PayPal,1,active
3048,21446,12,1.25,United Kingdom,60,Male,VIP,Email,Toys,Outdoor,no,Credit Card,9,active
3049,21174,24,1.95,United Kingdom,74,Male,New,Organic,Home Decor,Lights,no,Bank Transfer,1,churned
3050,22534,1,0.42,United Kingdom,59,Male,Regular,Organic,Clothing,Men,no,Bank Transfer,9,active
3051,22488,7,1.65,United Kingdom,79,Male,VIP,Email,Home Decor,Frames,no,Credit Card,3,churned
3052,85172,10,0.42,United Kingdom,29,Male,New,Ads,Toys,Outdoor,no,Bank Transfer,8,churned
3053,22421,1,0.42,United Kingdom,70,Female,VIP,Email,Toys,Puzzles,no,PayPal,9,churned
3054,22951,1,0.55,United Kingdom,32,Female,VIP,Ads,Electronics,Cables,no,PayPal,1,active
3055,22419,1,0.42,United Kingdom,31,Female,Regular,Email,Kitchen,Utensils,no,Credit Card,1,active
3056,22524,1,1.25,United Kingdom,43,Male,VIP,Email,Home Decor,Lights,yes,Credit Card,6,churned
3057,22522,1,0.85,United Kingdom,56,Female,New,Ads,Stationery,Pens,no,Cash,5,churned
3058,22520,1,0.85,United Kingdom,24,Female,VIP,Organic,Electronics,Cables,no,PayPal,9,active
3059,84997B,1,3.75,United Kingdom,43,Male,VIP,Email,Home Decor,Frames,no,Cash,7,churned
3060,22809,6,2.95,United Kingdom,52,Male,New,Referral,Home Decor,Lights,no,PayPal,3,churned
3061,84800L,8,2.12,United Kingdom,32,Female,Regular,Ads,Kitchen,Appliances,no,Credit Card,6,churned
3062,22809,1,2.95,United Kingdom,27,Female,Regular,Organic,Kitchen,Storage,no,PayPal,9,churned
3063,22810,1,2.95,United Kingdom,33,Female,Regular,Email,Toys,Puzzles,no,Bank Transfer,2,churned
3064,22082,5,1.65,United Kingdom,76,Female,VIP,Ads,Toys,Outdoor,no,Credit Card,8,churned
3065,22470,6,2.95,United Kingdom,29,Male,VIP,Referral,Kitchen,Appliances,no,Bank Transfer,9,churned
3066,22855,8,1.25,United Kingdom,74,Female,New,Referral,Clothing,Men,no,Bank Transfer,7,churned
3067,22737,2,1.65,United Kingdom,33,Female,Regular,Ads,Clothing,Women,no,Cash,2,active
3068,22093,1,1.25,United Kingdom,34,Male,New,Referral,Stationery,Books,no,Bank Transfer,5,churned
3069,22379,2,2.1,United Kingdom,33,Female,New,Ads,Toys,Kids,no,Cash,8,churned
3070,22457,12,2.95,United Kingdom,42,Male,New,Email,Clothing,Women,no,Cash,7,churned
3071,20985,3,1.25,United Kingdom,22,Male,Regular,Ads,Kitchen,Appliances,yes,Bank Transfer,2,active
3072,84032B,36,1.25,United Kingdom,25,Male,VIP,Ads,Kitchen,Storage,yes,PayPal,6,churned
3073,22602,2,0.85,United Kingdom,70,Male,Regular,Email,Toys,Kids,no,PayPal,4,churned
3074,22600,2,0.85,United Kingdom,43,Female,Regular,Email,Electronics,Gadgets,no,PayPal,6,active
3075,22579,2,0.85,United Kingdom,32,Male,New,Referral,Electronics,Accessories,no,PayPal,5,active
3076,22581,2,0.85,United Kingdom,54,Female,VIP,Email,Clothing,Kids,no,PayPal,1,churned
3077,22578,4,0.85,United Kingdom,57,Male,New,Referral,Kitchen,Utensils,no,Bank Transfer,5,churned
3078,22577,2,0.85,United Kingdom,41,Male,New,Email,Clothing,Men,yes,Bank Transfer,2,churned
3079,22795,1,6.75,United Kingdom,25,Female,Regular,Organic,Kitchen,Appliances,no,PayPal,8,churned
3080,21231,4,1.25,United Kingdom,25,Female,New,Referral,Clothing,Men,no,PayPal,3,churned
3081,22065,4,1.45,United Kingdom,62,Female,VIP,Email,Kitchen,Utensils,no,PayPal,8,churned
3082,22593,6,0.85,United Kingdom,31,Male,New,Ads,Toys,Puzzles,no,Cash,1,churned
3083,22580,1,5.95,United Kingdom,54,Female,New,Email,Kitchen,Appliances,yes,Credit Card,8,active
3084,22745,1,2.1,United Kingdom,62,Male,Regular,Ads,Electronics,Gadgets,no,PayPal,9,active
3085,22747,1,2.1,United Kingdom,60,Female,Regular,Email,Kitchen,Storage,no,PayPal,4,churned
3086,22746,1,2.1,United Kingdom,46,Female,Regular,Ads,Electronics,Cables,no,Bank Transfer,6,active
3087,22748,1,2.1,United Kingdom,67,Male,VIP,Organic,Electronics,Cables,no,PayPal,3,churned
3088,47580,1,2.55,United Kingdom,39,Male,VIP,Ads,Stationery,Books,no,Credit Card,1,active
3089,47559B,2,1.25,United Kingdom,51,Male,Regular,Referral,Kitchen,Appliances,no,PayPal,7,active
3090,84991,1,0.55,United Kingdom,38,Female,Regular,Referral,Toys,Kids,no,PayPal,6,churned
3091,21213,2,0.55,United Kingdom,47,Female,Regular,Referral,Electronics,Accessories,no,Cash,3,churned
3092,21212,2,0.55,United Kingdom,23,Female,Regular,Referral,Clothing,Women,no,PayPal,9,churned
3093,21231,2,1.25,United Kingdom,65,Male,Regular,Referral,Clothing,Women,no,Credit Card,5,active
3094,22198,6,1.65,United Kingdom,59,Male,VIP,Email,Toys,Outdoor,no,Cash,4,active
3095,21232,6,1.25,United Kingdom,47,Female,New,Email,Kitchen,Appliances,no,Cash,6,active
3096,22197,12,0.85,United Kingdom,36,Male,Regular,Email,Clothing,Men,no,PayPal,9,churned
3097,85049A,1,1.25,United Kingdom,23,Male,Regular,Email,Stationery,Art,no,Bank Transfer,2,active
3098,85049E,1,1.25,United Kingdom,65,Female,New,Email,Clothing,Kids,no,Cash,7,churned
3099,85049C,1,1.25,United Kingdom,48,Male,New,Ads,Clothing,Women,no,Cash,2,active
3100,20974,4,0.65,United Kingdom,57,Female,New,Email,Home Decor,Lights,no,Bank Transfer,7,churned
3101,20975,6,0.65,United Kingdom,78,Female,New,Ads,Clothing,Women,no,Bank Transfer,1,churned
3102,85123A,6,2.95,United Kingdom,77,Female,New,Email,Clothing,Men,no,PayPal,3,active
3103,22674,2,1.25,United Kingdom,56,Male,VIP,Organic,Clothing,Kids,no,PayPal,5,active
3104,22675,2,1.25,United Kingdom,48,Male,VIP,Ads,Clothing,Men,no,Cash,6,active
3105,22451,1,3.35,United Kingdom,35,Male,VIP,Organic,Clothing,Kids,no,Bank Transfer,8,churned
3106,22672,2,1.65,United Kingdom,39,Male,New,Ads,Home Decor,Decor,no,Bank Transfer,9,churned
3107,22670,2,1.25,United Kingdom,20,Male,New,Ads,Home Decor,Lights,no,PayPal,6,churned
3108,84836,6,1.25,United Kingdom,21,Female,New,Referral,Clothing,Kids,no,Bank Transfer,4,churned
3109,84670,12,0.42,United Kingdom,37,Male,Regular,Ads,Home Decor,Lights,no,PayPal,7,churned
3110,84991,1,0.55,United Kingdom,26,Male,VIP,Referral,Stationery,Pens,no,Credit Card,8,active
3111,21733,4,2.95,United Kingdom,20,Male,Regular,Organic,Electronics,Cables,no,Cash,4,churned
3112,22470,3,2.95,United Kingdom,78,Male,Regular,Ads,Stationery,Books,no,Credit Card,6,churned
3113,84596B,2,1.25,United Kingdom,29,Male,Regular,Ads,Toys,Kids,no,Cash,4,active
3114,84596E,1,1.25,United Kingdom,45,Male,New,Organic,Clothing,Women,no,Bank Transfer,3,churned
3115,20671,2,1.25,United Kingdom,19,Male,New,Email,Clothing,Men,no,Cash,8,active
3116,84596G,1,1.25,United Kingdom,52,Male,New,Email,Toys,Outdoor,no,PayPal,4,active
3117,84596F,2,1.25,United Kingdom,51,Male,New,Ads,Stationery,Art,no,PayPal,5,churned
3118,22694,2,2.1,United Kingdom,54,Male,Regular,Email,Toys,Puzzles,no,PayPal,1,active
3119,22132,3,0.85,United Kingdom,62,Male,Regular,Referral,Home Decor,Decor,no,Bank Transfer,2,active
3120,22133,3,0.85,United Kingdom,42,Female,VIP,Organic,Clothing,Kids,no,Cash,7,churned
3121,22131,3,1.95,United Kingdom,66,Male,Regular,Email,Electronics,Cables,no,Bank Transfer,6,active
3122,35967,6,0.38,United Kingdom,45,Male,VIP,Organic,Kitchen,Storage,no,PayPal,5,churned
3123,35966,4,0.38,United Kingdom,57,Male,New,Ads,Stationery,Art,no,PayPal,5,active
3124,22109,4,3.75,United Kingdom,52,Female,New,Ads,Toys,Kids,no,PayPal,1,churned
3125,20914,3,2.95,United Kingdom,28,Male,Regular,Organic,Stationery,Books,no,PayPal,2,churned
3126,85132A,12,1.95,United Kingdom,72,Male,VIP,Referral,Electronics,Gadgets,no,PayPal,5,active
3127,22383,1,1.65,United Kingdom,19,Female,New,Referral,Electronics,Gadgets,yes,Cash,2,churned
3128,72586,5,0.42,United Kingdom,64,Male,New,Ads,Toys,Puzzles,no,Cash,2,churned
3129,22097,2,1.25,United Kingdom,67,Female,VIP,Referral,Stationery,Books,yes,Cash,7,churned
3130,84270,30,0.21,United Kingdom,37,Female,VIP,Organic,Kitchen,Storage,no,PayPal,3,churned
3131,84755,8,0.65,United Kingdom,76,Male,Regular,Referral,Home Decor,Lights,no,Credit Card,3,churned
3132,22356,2,0.85,United Kingdom,63,Female,VIP,Email,Kitchen,Utensils,no,Cash,3,churned
3133,20724,2,0.85,United Kingdom,42,Female,New,Email,Stationery,Art,yes,Bank Transfer,7,churned
3134,22661,2,0.85,United Kingdom,28,Female,New,Ads,Toys,Kids,no,PayPal,9,active
3135,22355,2,0.85,United Kingdom,38,Female,VIP,Organic,Home Decor,Decor,yes,Bank Transfer,5,churned
3136,22654,2,5.95,United Kingdom,70,Female,Regular,Organic,Kitchen,Utensils,no,Credit Card,4,churned
3137,20727,5,1.65,United Kingdom,47,Female,New,Referral,Toys,Outdoor,no,Credit Card,9,active
3138,21980,12,0.29,United Kingdom,59,Female,Regular,Organic,Home Decor,Decor,no,Cash,4,active
3139,22804,6,2.95,United Kingdom,32,Female,VIP,Referral,Clothing,Women,no,Cash,3,active
3140,20728,4,1.65,United Kingdom,59,Male,VIP,Organic,Clothing,Women,no,Cash,3,active
3141,20723,2,0.85,United Kingdom,35,Male,Regular,Ads,Stationery,Books,no,Cash,6,active
3142,22383,1,1.65,United Kingdom,62,Female,New,Organic,Home Decor,Lights,no,Credit Card,9,churned
3143,22384,4,1.65,United Kingdom,51,Female,VIP,Email,Electronics,Gadgets,yes,Bank Transfer,1,active
3144,22382,2,1.65,United Kingdom,52,Female,Regular,Email,Electronics,Gadgets,no,Bank Transfer,2,active
3145,20726,2,1.65,United Kingdom,69,Male,VIP,Email,Electronics,Cables,no,PayPal,2,churned
3146,20725,4,1.65,United Kingdom,34,Male,VIP,Organic,Home Decor,Decor,no,Credit Card,1,churned
3147,22663,2,1.95,United Kingdom,31,Male,Regular,Email,Kitchen,Storage,no,Cash,4,active
3148,85099B,2,1.95,United Kingdom,20,Female,New,Email,Stationery,Art,no,PayPal,6,active
3149,21931,2,1.95,United Kingdom,60,Female,New,Organic,Electronics,Gadgets,no,Credit Card,2,active
3150,85099F,2,1.95,United Kingdom,62,Male,New,Organic,Electronics,Accessories,no,PayPal,3,churned
3151,22662,4,1.65,United Kingdom,50,Female,New,Organic,Stationery,Books,no,Credit Card,1,churned
3152,22383,2,1.65,United Kingdom,75,Female,Regular,Organic,Kitchen,Storage,yes,PayPal,1,active
3153,22381,5,2.1,United Kingdom,48,Male,VIP,Organic,Clothing,Women,no,PayPal,9,active
3154,22664,2,2.1,United Kingdom,22,Male,Regular,Email,Kitchen,Storage,no,PayPal,7,churned
3155,22379,6,2.1,United Kingdom,57,Female,Regular,Ads,Home Decor,Lights,no,PayPal,4,churned
3156,21429,3,1.65,United Kingdom,51,Male,New,Email,Kitchen,Storage,no,Bank Transfer,2,churned
3157,22650,2,1.45,United Kingdom,58,Female,VIP,Email,Clothing,Kids,no,Bank Transfer,2,churned
3158,22646,4,1.45,United Kingdom,49,Female,VIP,Organic,Toys,Puzzles,no,Cash,3,churned
3159,22645,4,1.45,United Kingdom,58,Female,VIP,Email,Clothing,Kids,no,Bank Transfer,5,churned
3160,22652,2,1.65,United Kingdom,74,Female,New,Organic,Home Decor,Frames,no,Credit Card,8,active
3161,22653,2,1.95,United Kingdom,67,Male,New,Ads,Electronics,Accessories,no,Bank Transfer,7,churned
3162,21790,2,0.85,United Kingdom,38,Male,New,Referral,Kitchen,Appliances,no,Credit Card,5,active
3163,22534,2,0.42,United Kingdom,21,Female,VIP,Ads,Clothing,Kids,yes,PayPal,8,active
3164,22530,2,0.42,United Kingdom,31,Female,Regular,Email,Electronics,Gadgets,yes,PayPal,3,churned
3165,22536,2,0.42,United Kingdom,71,Male,VIP,Organic,Home Decor,Frames,no,Cash,8,churned
3166,22533,2,0.42,United Kingdom,42,Male,Regular,Organic,Electronics,Accessories,no,Cash,6,churned
3167,21889,2,1.25,United Kingdom,55,Male,New,Ads,Electronics,Cables,no,Cash,1,active
3168,21034,2,0.95,United Kingdom,48,Female,New,Email,Electronics,Cables,no,Cash,1,active
3169,20668,24,0.12,United Kingdom,56,Female,New,Email,Home Decor,Lights,no,Cash,2,active
3170,21258,8,10.95,United Kingdom,21,Male,Regular,Organic,Stationery,Pens,no,Bank Transfer,7,churned
3171,22580,3,5.95,United Kingdom,41,Female,VIP,Organic,Clothing,Men,yes,Credit Card,4,active
3172,85132A,12,1.95,United Kingdom,22,Male,Regular,Ads,Toys,Outdoor,no,Credit Card,9,churned
3173,21906,4,6.75,United Kingdom,19,Female,VIP,Email,Toys,Puzzles,no,PayPal,4,churned
3174,22171,4,8.5,United Kingdom,38,Female,VIP,Ads,Kitchen,Appliances,no,PayPal,4,active
3175,22763,2,9.95,United Kingdom,66,Male,VIP,Ads,Kitchen,Storage,no,Bank Transfer,4,churned
3176,35832,12,2.95,United Kingdom,34,Male,New,Organic,Clothing,Men,yes,PayPal,9,churned
3177,48188,10,6.75,United Kingdom,74,Female,New,Organic,Electronics,Accessories,no,PayPal,2,active
3178,48116,10,6.75,United Kingdom,70,Male,New,Referral,Clothing,Men,yes,PayPal,1,churned
3179,48129,10,6.75,United Kingdom,72,Female,VIP,Organic,Clothing,Kids,no,PayPal,2,churned
3180,48111,10,6.75,United Kingdom,37,Female,New,Organic,Clothing,Men,no,Cash,1,churned
3181,48184,10,6.75,United Kingdom,62,Female,New,Organic,Home Decor,Lights,no,Cash,6,churned
3182,21591,24,1.25,United Kingdom,21,Male,New,Email,Kitchen,Utensils,no,Cash,7,churned
3183,22945,24,0.85,United Kingdom,76,Male,New,Email,Toys,Outdoor,no,Credit Card,7,active
3184,22086,24,2.95,United Kingdom,32,Female,New,Organic,Electronics,Accessories,no,Cash,9,active
3185,21186,48,1.45,United Kingdom,22,Male,Regular,Organic,Kitchen,Appliances,no,Cash,5,churned
3186,21192,24,1.65,United Kingdom,23,Male,Regular,Ads,Home Decor,Frames,no,Bank Transfer,1,churned
3187,21191,12,2.1,United Kingdom,79,Male,New,Ads,Stationery,Books,no,Credit Card,7,active
3188,22669,12,2.95,United Kingdom,36,Female,VIP,Referral,Home Decor,Decor,no,PayPal,9,churned
3189,22622,6,9.95,United Kingdom,68,Female,VIP,Organic,Home Decor,Decor,yes,Bank Transfer,6,churned
3190,22492,36,0.65,United Kingdom,52,Male,VIP,Email,Stationery,Books,no,Cash,3,active
3191,22454,24,2.95,United Kingdom,18,Female,New,Ads,Home Decor,Frames,no,Bank Transfer,6,churned
3192,22357,8,4.25,United Kingdom,26,Male,Regular,Organic,Electronics,Cables,no,Credit Card,9,churned
3193,20978,16,1.25,United Kingdom,37,Male,New,Organic,Electronics,Cables,no,Bank Transfer,4,active
3194,20979,16,1.25,United Kingdom,28,Female,Regular,Ads,Home Decor,Decor,no,Credit Card,5,churned
3195,22690,6,7.95,United Kingdom,58,Female,VIP,Referral,Home Decor,Frames,no,PayPal,1,churned
3196,22118,1,4.95,United Kingdom,20,Female,Regular,Referral,Kitchen,Storage,yes,Bank Transfer,7,active
3197,21673,24,1.25,United Kingdom,33,Male,Regular,Organic,Electronics,Cables,no,Credit Card,8,churned
3198,21672,12,1.25,United Kingdom,26,Female,VIP,Ads,Home Decor,Frames,no,Bank Transfer,2,churned
3199,21671,18,1.25,United Kingdom,41,Female,Regular,Referral,Kitchen,Storage,no,Credit Card,3,churned
3200,21670,12,1.25,United Kingdom,56,Female,New,Email,Toys,Puzzles,no,Bank Transfer,9,churned
3201,21669,18,1.25,United Kingdom,61,Male,VIP,Ads,Stationery,Pens,no,Credit Card,8,churned
3202,22119,2,6.95,United Kingdom,27,Male,VIP,Referral,Toys,Kids,no,Cash,1,churned
3203,21670,6,1.25,United Kingdom,31,Male,Regular,Email,Clothing,Kids,no,Bank Transfer,4,churned
3204,21668,12,1.25,United Kingdom,30,Male,Regular,Referral,Stationery,Pens,no,Bank Transfer,1,active
3205,22118,1,4.95,United Kingdom,35,Female,VIP,Organic,Electronics,Accessories,no,Cash,4,active
3206,21755,2,5.95,United Kingdom,75,Female,Regular,Email,Stationery,Pens,no,PayPal,8,churned
3207,21754,2,5.95,United Kingdom,30,Male,VIP,Referral,Electronics,Accessories,no,Cash,6,active
3208,22301,6,2.55,United Kingdom,29,Female,Regular,Ads,Stationery,Pens,no,PayPal,2,churned
3209,85127,4,4.95,United Kingdom,64,Male,Regular,Ads,Electronics,Cables,no,PayPal,1,churned
3210,21672,6,1.25,United Kingdom,41,Female,New,Organic,Clothing,Men,no,Cash,6,churned
3211,21317,2,5.45,United Kingdom,42,Female,New,Email,Toys,Kids,no,Cash,1,active
3212,22480,12,1.25,United Kingdom,21,Male,New,Organic,Kitchen,Utensils,yes,PayPal,6,churned
3213,21661,1,5.95,United Kingdom,34,Female,VIP,Ads,Home Decor,Frames,no,Bank Transfer,2,churned
3214,21664,1,3.75,United Kingdom,19,Male,Regular,Ads,Toys,Kids,no,Credit Card,5,churned
3215,85126,2,6.75,United Kingdom,73,Female,VIP,Ads,Clothing,Men,no,PayPal,7,churned
3216,22423,1,12.75,United Kingdom,70,Male,New,Email,Electronics,Accessories,no,PayPal,1,churned
3217,21662,1,5.95,United Kingdom,20,Male,VIP,Ads,Kitchen,Storage,no,Credit Card,9,active
3218,22300,6,2.55,United Kingdom,29,Female,New,Referral,Clothing,Men,yes,PayPal,8,churned
3219,85027L,2,7.95,United Kingdom,31,Male,New,Organic,Clothing,Men,no,Credit Card,6,churned
3220,22078,10,2.1,United Kingdom,59,Female,New,Email,Home Decor,Lights,no,Bank Transfer,9,churned
3221,22082,5,1.65,United Kingdom,36,Female,New,Referral,Kitchen,Storage,no,Bank Transfer,8,churned
3222,22077,4,1.65,United Kingdom,39,Male,New,Email,Home Decor,Decor,yes,Cash,6,churned
3223,22782,1,24.95,United Kingdom,47,Male,New,Ads,Stationery,Art,no,Credit Card,6,churned
3224,22783,1,19.95,United Kingdom,35,Male,New,Ads,Toys,Kids,no,Bank Transfer,2,active
3225,22847,1,16.95,United Kingdom,47,Male,Regular,Ads,Clothing,Kids,no,Bank Transfer,2,churned
3226,21364,1,6.75,United Kingdom,63,Male,New,Organic,Clothing,Kids,no,PayPal,3,churned
3227,21360,1,9.95,United Kingdom,65,Male,VIP,Email,Toys,Puzzles,no,Bank Transfer,7,churned
3228,22900,1,2.95,United Kingdom,70,Female,New,Organic,Electronics,Gadgets,no,Bank Transfer,4,churned
3229,22372,1,4.25,United Kingdom,66,Female,New,Email,Stationery,Books,no,Bank Transfer,8,active
3230,35271S,5,0.19,United Kingdom,61,Male,VIP,Email,Clothing,Men,no,Cash,2,churned
3231,22642,1,2.55,United Kingdom,21,Female,Regular,Referral,Kitchen,Storage,no,Bank Transfer,9,churned
3232,22643,1,2.55,United Kingdom,54,Male,VIP,Email,Toys,Puzzles,no,Credit Card,6,churned
3233,22734,1,2.55,United Kingdom,47,Female,Regular,Referral,Home Decor,Lights,no,Credit Card,4,churned
3234,84341B,2,0.85,United Kingdom,46,Female,New,Referral,Home Decor,Decor,no,PayPal,7,churned
3235,21928,2,1.95,United Kingdom,32,Female,New,Ads,Stationery,Pens,no,PayPal,3,churned
3236,22411,2,1.95,United Kingdom,76,Female,Regular,Email,Toys,Outdoor,no,Credit Card,1,churned
3237,21929,2,1.95,United Kingdom,69,Male,New,Organic,Electronics,Accessories,no,PayPal,2,churned
3238,85099F,2,1.95,United Kingdom,23,Male,Regular,Email,Stationery,Art,yes,Cash,7,churned
3239,85099C,2,1.95,United Kingdom,61,Female,VIP,Email,Stationery,Art,no,PayPal,2,churned
3240,22411,1,1.95,United Kingdom,77,Male,Regular,Organic,Clothing,Men,no,Cash,5,churned
3241,21931,1,1.95,United Kingdom,20,Male,VIP,Email,Electronics,Gadgets,yes,Bank Transfer,1,churned
3242,21930,4,1.95,United Kingdom,23,Male,Regular,Email,Kitchen,Storage,no,Bank Transfer,6,churned
3243,21625,1,6.95,United Kingdom,52,Male,New,Referral,Toys,Outdoor,no,PayPal,9,active
3244,85136A,1,7.95,United Kingdom,38,Female,VIP,Organic,Home Decor,Lights,no,Credit Card,6,churned
3245,84569C,1,1.25,United Kingdom,68,Female,VIP,Organic,Electronics,Accessories,no,Cash,4,churned
3246,22909,1,0.85,United Kingdom,44,Female,Regular,Email,Clothing,Women,no,PayPal,4,churned
3247,22745,1,2.1,United Kingdom,24,Female,New,Ads,Electronics,Gadgets,yes,PayPal,9,churned
3248,22746,1,2.1,United Kingdom,49,Male,VIP,Ads,Stationery,Art,no,Cash,6,churned
3249,22747,1,2.1,United Kingdom,74,Male,Regular,Email,Stationery,Pens,yes,PayPal,5,active
3250,22748,1,2.1,United Kingdom,64,Male,Regular,Email,Home Decor,Decor,no,Cash,7,churned
3251,21186,2,1.65,United Kingdom,36,Male,New,Email,Home Decor,Frames,no,Bank Transfer,3,churned
3252,22910,1,2.95,United Kingdom,64,Female,Regular,Organic,Electronics,Accessories,no,Credit Card,3,churned
3253,85045,1,4.95,United Kingdom,51,Male,New,Ads,Toys,Kids,no,PayPal,4,churned
3254,84341B,2,0.85,United Kingdom,37,Female,New,Referral,Kitchen,Storage,no,Cash,3,active
3255,22149,1,2.1,United Kingdom,71,Female,VIP,Email,Clothing,Kids,no,Cash,3,churned
3256,22145,2,2.1,United Kingdom,39,Male,New,Organic,Toys,Puzzles,no,PayPal,9,churned
3257,21034,4,0.95,United Kingdom,20,Female,New,Email,Kitchen,Appliances,no,Credit Card,3,churned
3258,22940,1,4.25,United Kingdom,67,Female,VIP,Email,Electronics,Accessories,no,Bank Transfer,5,churned
3259,22731,1,1.25,United Kingdom,77,Female,VIP,Referral,Kitchen,Utensils,no,Cash,2,churned
3260,22620,1,1.25,United Kingdom,66,Female,Regular,Referral,Home Decor,Lights,no,PayPal,3,churned
3261,85135C,1,7.95,United Kingdom,25,Female,New,Referral,Kitchen,Utensils,yes,Credit Card,2,active
3262,85078,6,0.65,United Kingdom,55,Male,VIP,Referral,Home Decor,Frames,no,Credit Card,1,active
3263,21352,12,1.95,United Kingdom,38,Male,Regular,Organic,Electronics,Gadgets,no,Bank Transfer,5,churned
3264,21351,16,1.95,United Kingdom,27,Male,Regular,Email,Toys,Kids,no,PayPal,6,active
3265,85132B,12,1.95,United Kingdom,24,Male,New,Organic,Toys,Puzzles,no,Cash,9,churned
3266,22694,12,2.1,United Kingdom,40,Male,New,Organic,Kitchen,Appliances,no,Cash,6,active
3267,22952,24,0.55,United Kingdom,34,Female,New,Organic,Electronics,Gadgets,no,Bank Transfer,4,active
3268,85018D,24,0.85,United Kingdom,57,Male,Regular,Email,Toys,Puzzles,no,Bank Transfer,8,churned
3269,22049,25,0.19,United Kingdom,31,Female,Regular,Email,Kitchen,Storage,no,Credit Card,8,churned
3270,22909,24,0.85,United Kingdom,76,Female,Regular,Organic,Home Decor,Frames,no,Bank Transfer,7,churned
3271,20733,20,0.42,United Kingdom,19,Male,VIP,Ads,Clothing,Women,no,Credit Card,7,churned
3272,21137,4,3.75,United Kingdom,74,Female,Regular,Referral,Clothing,Women,no,Credit Card,2,active
3273,21704,12,0.85,United Kingdom,48,Male,VIP,Ads,Home Decor,Decor,no,Bank Transfer,5,churned
3274,21224,10,1.25,United Kingdom,48,Female,New,Referral,Stationery,Pens,no,Cash,3,active
3275,21544,12,0.85,United Kingdom,72,Female,New,Ads,Clothing,Women,no,Credit Card,1,churned
3276,22077,12,1.65,United Kingdom,45,Male,New,Organic,Stationery,Books,no,Cash,8,churned
3277,22650,2,1.45,United Kingdom,60,Female,Regular,Referral,Stationery,Pens,no,Bank Transfer,2,churned
3278,21174,1,1.95,United Kingdom,54,Male,Regular,Ads,Kitchen,Utensils,no,Cash,1,churned
3279,21166,1,1.95,United Kingdom,38,Female,Regular,Organic,Stationery,Pens,no,Credit Card,8,churned
3280,21904,1,2.1,United Kingdom,33,Female,VIP,Referral,Clothing,Women,no,Credit Card,9,active
3281,21175,1,2.1,United Kingdom,49,Female,New,Organic,Kitchen,Appliances,no,Cash,4,churned
3282,21210,1,1.45,United Kingdom,68,Male,VIP,Referral,Toys,Puzzles,no,Credit Card,9,active
3283,22416,1,1.45,United Kingdom,31,Male,Regular,Referral,Stationery,Art,no,Bank Transfer,4,churned
3284,21972,1,1.45,United Kingdom,77,Female,New,Ads,Stationery,Art,yes,Cash,9,churned
3285,22367,1,1.95,United Kingdom,40,Male,VIP,Referral,Stationery,Art,no,Credit Card,8,churned
3286,82616C,1,2.95,United Kingdom,64,Male,VIP,Referral,Clothing,Kids,yes,Credit Card,9,churned
3287,22810,1,2.95,United Kingdom,30,Female,New,Organic,Kitchen,Storage,no,Credit Card,9,active
3288,22187,1,4.25,United Kingdom,78,Male,VIP,Ads,Home Decor,Lights,no,Bank Transfer,6,churned
3289,22592,1,3.75,United Kingdom,24,Male,VIP,Ads,Home Decor,Frames,no,PayPal,2,churned
3290,85114A,6,1.65,United Kingdom,59,Male,VIP,Email,Home Decor,Frames,yes,Cash,9,active
3291,22845,1,6.35,United Kingdom,70,Male,VIP,Organic,Home Decor,Lights,no,Cash,4,active
3292,22666,1,2.95,United Kingdom,53,Male,Regular,Referral,Clothing,Women,no,Credit Card,3,churned
3293,22844,1,8.5,United Kingdom,21,Male,Regular,Referral,Kitchen,Utensils,no,PayPal,8,active
3294,20727,1,1.65,United Kingdom,45,Female,Regular,Ads,Kitchen,Appliances,no,Cash,2,churned
3295,21165,1,1.69,United Kingdom,50,Male,Regular,Referral,Kitchen,Utensils,no,PayPal,4,churned
3296,21156,1,1.95,United Kingdom,38,Male,New,Ads,Electronics,Gadgets,no,Cash,7,churned
3297,22073,2,3.75,United Kingdom,79,Female,Regular,Referral,Kitchen,Storage,no,Credit Card,8,churned
3298,22508,1,3.75,United Kingdom,63,Female,Regular,Email,Home Decor,Frames,no,Cash,4,churned
3299,84880,1,5.95,United Kingdom,52,Male,VIP,Email,Stationery,Pens,no,Bank Transfer,5,churned
3300,21539,1,4.95,United Kingdom,33,Male,VIP,Email,Stationery,Pens,no,PayPal,1,active
3301,22667,1,2.95,United Kingdom,46,Male,Regular,Referral,Electronics,Gadgets,no,Credit Card,8,churned
3302,21790,1,0.85,United Kingdom,78,Male,Regular,Referral,Electronics,Gadgets,no,Credit Card,7,churned
3303,21889,2,1.25,United Kingdom,54,Female,VIP,Referral,Home Decor,Frames,no,Cash,3,active
3304,21429,3,1.65,United Kingdom,60,Male,New,Email,Kitchen,Appliances,no,Credit Card,1,churned
3305,85123A,3,2.95,United Kingdom,19,Female,New,Referral,Home Decor,Decor,no,Bank Transfer,2,churned
3306,22139,1,4.95,United Kingdom,27,Female,Regular,Organic,Stationery,Pens,no,PayPal,7,active
3307,21232,2,1.25,United Kingdom,39,Male,New,Organic,Kitchen,Appliances,no,Cash,7,churned
3308,21231,2,1.25,United Kingdom,25,Female,New,Ads,Home Decor,Frames,no,Cash,2,churned
3309,22745,1,2.1,United Kingdom,70,Female,VIP,Email,Clothing,Women,no,PayPal,1,churned
3310,22746,1,2.1,United Kingdom,19,Male,New,Email,Home Decor,Decor,no,Credit Card,6,churned
3311,22744,1,2.95,United Kingdom,66,Male,New,Referral,Stationery,Art,no,Cash,8,churned
3312,22143,1,2.1,United Kingdom,49,Female,VIP,Ads,Kitchen,Appliances,no,PayPal,1,churned
3313,22145,1,2.1,United Kingdom,59,Female,VIP,Organic,Toys,Kids,no,PayPal,1,churned
3314,22566,2,0.85,United Kingdom,52,Female,VIP,Ads,Electronics,Gadgets,no,Cash,2,active
3315,22586,2,0.85,United Kingdom,66,Female,VIP,Organic,Toys,Kids,no,Credit Card,9,churned
3316,22565,2,0.85,United Kingdom,76,Female,VIP,Referral,Clothing,Women,yes,Credit Card,8,active
3317,84536B,4,0.42,United Kingdom,58,Male,New,Email,Stationery,Books,no,Cash,3,churned
3318,22383,1,1.65,United Kingdom,71,Female,New,Email,Kitchen,Storage,no,Cash,3,churned
3319,21121,2,1.25,United Kingdom,45,Male,Regular,Organic,Home Decor,Frames,no,PayPal,5,churned
3320,21790,1,0.85,United Kingdom,49,Male,VIP,Referral,Electronics,Gadgets,yes,Bank Transfer,3,churned
3321,22549,2,1.45,United Kingdom,47,Male,VIP,Referral,Stationery,Art,no,PayPal,4,churned
3322,22548,2,1.25,United Kingdom,37,Female,VIP,Ads,Electronics,Accessories,no,PayPal,2,churned
3323,22417,1,0.55,United Kingdom,47,Female,New,Email,Home Decor,Frames,no,Credit Card,9,churned
3324,21975,2,0.55,United Kingdom,64,Male,VIP,Organic,Clothing,Men,no,Credit Card,2,churned
3325,84990,2,0.55,United Kingdom,33,Male,New,Organic,Electronics,Cables,no,Cash,4,churned
3326,21790,1,0.85,United Kingdom,58,Male,Regular,Email,Home Decor,Frames,no,PayPal,4,churned
3327,22489,3,0.42,United Kingdom,72,Male,New,Referral,Stationery,Books,no,Bank Transfer,2,churned
3328,21212,1,0.55,United Kingdom,21,Male,VIP,Email,Toys,Puzzles,no,Cash,2,active
3329,84991,1,0.55,United Kingdom,18,Female,VIP,Ads,Clothing,Men,no,PayPal,4,churned
3330,84990,4,0.55,United Kingdom,68,Female,VIP,Email,Kitchen,Utensils,no,PayPal,7,active
3331,22196,3,0.85,United Kingdom,67,Male,Regular,Ads,Home Decor,Decor,no,Bank Transfer,3,churned
3332,84380,2,1.25,United Kingdom,33,Female,New,Ads,Toys,Puzzles,no,Bank Transfer,7,active
3333,22570,1,3.75,United Kingdom,39,Female,New,Ads,Home Decor,Lights,no,Credit Card,2,churned
3334,22271,1,2.95,United Kingdom,19,Male,VIP,Email,Stationery,Pens,no,Bank Transfer,4,churned
3335,22274,1,2.95,United Kingdom,34,Female,New,Organic,Clothing,Women,no,PayPal,6,churned
3336,22749,1,3.75,United Kingdom,75,Female,New,Ads,Electronics,Gadgets,no,Bank Transfer,6,active
3337,20754,1,2.1,United Kingdom,24,Female,New,Organic,Clothing,Kids,yes,Cash,2,active
3338,84997B,1,3.75,United Kingdom,53,Female,Regular,Email,Toys,Outdoor,no,Credit Card,5,churned
3339,22618,1,9.95,United Kingdom,53,Male,New,Ads,Kitchen,Utensils,no,Credit Card,3,churned
3340,22138,1,4.95,United Kingdom,66,Female,Regular,Referral,Kitchen,Utensils,no,Credit Card,6,churned
3341,22567,1,1.25,United Kingdom,21,Female,Regular,Referral,Clothing,Kids,no,Credit Card,5,active
3342,22840,1,7.95,United Kingdom,69,Male,VIP,Referral,Home Decor,Frames,no,Cash,5,churned
3343,21156,1,1.95,United Kingdom,42,Female,New,Email,Kitchen,Utensils,no,Credit Card,2,churned
3344,22842,1,6.75,United Kingdom,62,Male,Regular,Referral,Toys,Outdoor,no,Credit Card,4,churned
3345,82494L,6,2.95,United Kingdom,37,Female,Regular,Email,Kitchen,Utensils,no,PayPal,5,churned
3346,82482,6,2.55,United Kingdom,74,Female,New,Referral,Electronics,Accessories,no,Credit Card,8,churned
3347,22170,2,6.75,United Kingdom,25,Male,Regular,Email,Toys,Puzzles,no,Bank Transfer,9,churned
3348,22428,2,6.95,United Kingdom,62,Female,New,Organic,Clothing,Men,no,PayPal,7,churned
3349,22173,8,2.95,United Kingdom,59,Male,VIP,Referral,Home Decor,Lights,no,PayPal,3,active
3350,17165D,4,1.05,United Kingdom,63,Female,VIP,Organic,Toys,Outdoor,no,Bank Transfer,9,active
3351,85040A,1,1.65,United Kingdom,69,Female,Regular,Email,Home Decor,Lights,no,Cash,2,churned
3352,85040B,1,1.65,United Kingdom,20,Male,New,Ads,Stationery,Pens,no,Bank Transfer,1,churned
3353,85039B,3,1.65,United Kingdom,18,Female,New,Organic,Stationery,Pens,yes,Bank Transfer,6,churned
3354,85039A,3,1.65,United Kingdom,57,Male,VIP,Referral,Kitchen,Utensils,no,PayPal,5,churned
3355,22795,4,6.75,United Kingdom,57,Male,Regular,Referral,Kitchen,Utensils,no,Credit Card,9,churned
3356,84754,2,1.25,United Kingdom,43,Female,Regular,Referral,Toys,Outdoor,no,Cash,9,churned
3357,22187,5,4.25,United Kingdom,33,Male,New,Email,Kitchen,Appliances,yes,Bank Transfer,6,churned
3358,16169C,50,0.42,United Kingdom,34,Male,Regular,Email,Home Decor,Lights,no,PayPal,3,active
3359,22739,5,1.65,United Kingdom,72,Male,VIP,Ads,Clothing,Men,no,PayPal,2,active
3360,22591,2,2.55,United Kingdom,69,Male,VIP,Organic,Toys,Kids,no,Credit Card,2,churned
3361,85025B,1,1.65,United Kingdom,48,Male,Regular,Ads,Electronics,Cables,no,Bank Transfer,6,churned
3362,22578,2,0.85,United Kingdom,55,Male,New,Email,Stationery,Art,no,PayPal,3,active
3363,22581,2,0.85,United Kingdom,55,Male,VIP,Organic,Electronics,Cables,no,Cash,2,churned
3364,21743,2,2.95,United Kingdom,62,Female,Regular,Organic,Toys,Outdoor,no,Credit Card,9,churned
3365,21351,1,6.75,United Kingdom,41,Male,New,Referral,Stationery,Art,no,Cash,1,churned
3366,17174,1,0.42,United Kingdom,25,Male,New,Email,Electronics,Accessories,no,Credit Card,3,churned
3367,21333,1,2.95,United Kingdom,39,Male,Regular,Referral,Kitchen,Utensils,no,Credit Card,5,churned
3368,22804,1,2.95,United Kingdom,27,Female,VIP,Ads,Kitchen,Appliances,no,PayPal,3,active
3369,21733,1,2.95,United Kingdom,40,Female,VIP,Ads,Electronics,Cables,no,Credit Card,4,churned
3370,20979,1,1.25,United Kingdom,63,Male,Regular,Organic,Toys,Outdoor,no,Cash,2,active
3371,85020,1,2.1,United Kingdom,58,Male,Regular,Referral,Home Decor,Lights,no,PayPal,4,churned
3372,20686,1,3.25,United Kingdom,53,Female,New,Organic,Toys,Puzzles,no,Bank Transfer,5,churned
3373,20681,1,3.25,United Kingdom,64,Male,Regular,Organic,Clothing,Women,no,Credit Card,4,active
3374,47570B,1,10.65,United Kingdom,47,Female,VIP,Ads,Stationery,Books,no,Cash,8,churned
3375,84509G,1,3.75,United Kingdom,78,Female,Regular,Organic,Clothing,Women,no,PayPal,5,active
3376,21430,1,3.75,United Kingdom,19,Female,VIP,Referral,Clothing,Kids,no,Credit Card,2,churned
3377,79066K,1,0.85,United Kingdom,37,Female,Regular,Email,Toys,Kids,no,Credit Card,4,churned
3378,21890,6,2.95,United Kingdom,63,Male,Regular,Email,Stationery,Pens,no,Cash,9,active
3379,21891,6,1.25,United Kingdom,50,Male,Regular,Organic,Stationery,Pens,no,Credit Card,6,active
3380,84670,2,0.42,United Kingdom,36,Female,Regular,Ads,Home Decor,Frames,no,Cash,9,active
3381,22617,4,4.95,United Kingdom,67,Female,VIP,Organic,Toys,Kids,no,Cash,2,active
3382,84596L,2,1.25,United Kingdom,74,Male,Regular,Email,Kitchen,Utensils,no,PayPal,5,churned
3383,22491,12,0.85,United Kingdom,19,Male,VIP,Ads,Stationery,Art,no,PayPal,4,churned
3384,22489,12,0.42,United Kingdom,19,Male,VIP,Organic,Toys,Puzzles,yes,Bank Transfer,9,churned
3385,72586,4,0.42,United Kingdom,74,Female,VIP,Referral,Clothing,Kids,no,PayPal,7,churned
3386,21034,2,0.95,United Kingdom,18,Female,New,Organic,Clothing,Women,yes,Cash,6,churned
3387,85123A,64,2.55,United Kingdom,77,Female,New,Organic,Electronics,Cables,no,PayPal,9,churned
3388,22180,6,9.95,United Kingdom,28,Female,VIP,Ads,Electronics,Accessories,no,Bank Transfer,7,churned
3389,21181,12,2.1,United Kingdom,32,Male,Regular,Email,Stationery,Pens,no,PayPal,4,churned
3390,85049G,12,1.25,United Kingdom,39,Male,New,Email,Stationery,Books,no,Credit Card,6,churned
3391,21258,2,12.75,United Kingdom,41,Female,Regular,Organic,Electronics,Gadgets,no,Credit Card,8,active
3392,85099B,50,1.95,United Kingdom,66,Male,VIP,Email,Kitchen,Utensils,no,PayPal,7,active
3393,22139,12,4.95,United Kingdom,27,Female,Regular,Organic,Electronics,Cables,no,Bank Transfer,4,active
3394,22077,24,1.65,United Kingdom,45,Male,Regular,Organic,Stationery,Art,no,PayPal,8,churned
3395,22692,6,7.95,United Kingdom,78,Female,VIP,Referral,Electronics,Gadgets,no,Credit Card,2,churned
3396,21172,24,1.45,United Kingdom,47,Female,VIP,Organic,Clothing,Women,no,Bank Transfer,4,churned
3397,22909,48,0.85,United Kingdom,60,Male,New,Email,Electronics,Cables,no,Cash,3,churned
3398,22952,96,0.55,United Kingdom,68,Female,Regular,Referral,Clothing,Kids,no,Bank Transfer,1,churned
3399,21174,24,1.95,United Kingdom,34,Female,Regular,Referral,Electronics,Gadgets,no,Bank Transfer,1,active
3400,22508,6,3.75,United Kingdom,19,Female,VIP,Referral,Stationery,Art,no,Cash,4,churned